Gene,Alt,Param,Amount
PRDM1,PRDM1:S76*,k1_s_Blimp1-differentiation,0.5
PRDM1,PRDM1:N172fs*17,k1_s_Blimp1-differentiation,0.5
PRDM1,PRDM1:R442fs*64,k1_s_Blimp1-differentiation,0.5
PRDM1,PRDM1:S504fs*2,k1_s_Blimp1-differentiation,0.5
PRDM1,PRDM1:W49*,k1_s_Blimp1-differentiation,0.5
PRDM1,PRDM1:S76*,k1_s_Blimp1-differentiation,0.5
PRDM1,PRDM1:Y60*,k1_s_Blimp1-differentiation,0.5
PRDM1,PRDM1:G438fs*68,k1_s_Blimp1-differentiation,0.5
PRDM1,PRDM1:L83fs*9,k1_s_Blimp1-differentiation,0.5
PRDM1,PRDM1:Y248fs*3,k1_s_Blimp1-differentiation,0.5
PRDM1,PRDM1:E153*,k1_s_Blimp1-differentiation,0.5
PRDM1,PRDM1:K707fs*18,k1_s_Blimp1-differentiation,0.5
PRDM1,PRDM1:R476fs*36,k1_s_Blimp1-differentiation,0.5
PRDM1,PRDM1:R595fs*20,k1_s_Blimp1-differentiation,0.5
PRDM1,PRDM1:A192fs*23,k1_s_Blimp1-differentiation,0.5
PRDM1,PRDM1:T607fs*68,k1_s_Blimp1-differentiation,0.5
PRDM1,PRDM1:E153*,k1_s_Blimp1-differentiation,0.5
PRDM1,PRDM1:S494fs*38,k1_s_Blimp1-differentiation,0.5
PRDM1,PRDM1:R85fs*19,k1_s_Blimp1-differentiation,0.5
PRDM1,PRDM1:L425fs*84,k1_s_Blimp1-differentiation,0.5
PRDM1,PRDM1:E545*,k1_s_Blimp1-differentiation,0.5
PRDM1,PRDM1:T93fs*9,k1_s_Blimp1-differentiation,0.5
PRDM1,PRDM1:V62fs*2,k1_s_Blimp1-differentiation,0.5
PRDM1,PRDM1:Q368fs*11,k1_s_Blimp1-differentiation,0.5
PRDM1,PRDM1:S276*,k1_s_Blimp1-differentiation,0.5
MYC,MYC:T73I,k1_mycTsl-linking,1.5
MYC,MYC:T73N,k1_mycTsl-linking,1.5
MYC,MYC:T73I,k1_mycTsl-linking,1.5
MYC,MYC:T73I,k1_mycTsl-linking,1.5
MYC,MYC:T73I,k1_mycTsl-linking,1.5
MYC,MYC:P74A,k1_mycTsl-linking,1.5
MYC,MYC:P74S,k1_mycTsl-linking,1.5
MYC,MYC:T73N,k1_mycTsl-linking,1.5
TNFRSF14,TNFRSF14:P9fs*12,nik_deg_mod-NFkB,0.5
TNFRSF14,TNFRSF14:Y26*,nik_deg_mod-NFkB,0.5
TNFRSF14,TNFRSF14:T18fs*4,nik_deg_mod-NFkB,0.5
TNFRSF14,TNFRSF14:W203*,nik_deg_mod-NFkB,0.5
TNFRSF14,TNFRSF14:W187*,nik_deg_mod-NFkB,0.5
TNFRSF14,TNFRSF14:M1R,nik_deg_mod-NFkB,0.5
TNFRSF14,TNFRSF14:W203*,nik_deg_mod-NFkB,0.5
TNFRSF14,TNFRSF14:E65*,nik_deg_mod-NFkB,0.5
TNFRSF14,TNFRSF14:C34fs*30,nik_deg_mod-NFkB,0.5
TNFRSF14,TNFRSF14:W12*,nik_deg_mod-NFkB,0.5
TNFRSF14,TNFRSF14:W201*,nik_deg_mod-NFkB,0.5
TNFRSF14,TNFRSF14:Q130*,nik_deg_mod-NFkB,0.5
TNFRSF14,TNFRSF14:M1I,nik_deg_mod-NFkB,0.5
TNFRSF14,TNFRSF14:T169fs*65,nik_deg_mod-NFkB,0.5
TNFRSF14,TNFRSF14:M1V,nik_deg_mod-NFkB,0.5
TNFRSF14,TNFRSF14:W12*,nik_deg_mod-NFkB,0.5
TNFRSF14,TNFRSF14:W201*,nik_deg_mod-NFkB,0.5
TNFRSF14,TNFRSF14:T18fs*59,nik_deg_mod-NFkB,0.5
TNFRSF14,TNFRSF14:W12*,nik_deg_mod-NFkB,0.5
TNFRSF14,TNFRSF14:G31*,nik_deg_mod-NFkB,0.5
TNFRSF14,TNFRSF14:W12*,nik_deg_mod-NFkB,0.5
TNFRSF14,TNFRSF14:T196fs*26,nik_deg_mod-NFkB,0.5
TNFRSF14,TNFRSF14:C78fs*13,nik_deg_mod-NFkB,0.5
TNFRSF14,TNFRSF14:T169fs*65,nik_deg_mod-NFkB,0.5
TNFRSF14,TNFRSF14:Q148fs*42,nik_deg_mod-NFkB,0.5
TNFRSF14,TNFRSF14:M1I,nik_deg_mod-NFkB,0.5
TNFRSF14,TNFRSF14:C34fs*30,nik_deg_mod-NFkB,0.5
TNFRSF14,TNFRSF14:Q158*,nik_deg_mod-NFkB,0.5
TNFRSF14,TNFRSF14:G124fs*66,nik_deg_mod-NFkB,0.5
TNFRSF14,TNFRSF14:Q180fs*53,nik_deg_mod-NFkB,0.5
TNFRSF14,TNFRSF14:W201*,nik_deg_mod-NFkB,0.5
TNFRSF14,TNFRSF14:*284W,nik_deg_mod-NFkB,0.5
TNFRSF14,TNFRSF14:G104fs*131,nik_deg_mod-NFkB,0.5
TNFRSF14,TNFRSF14:W7*,nik_deg_mod-NFkB,0.5
TNFRSF14,TNFRSF14:C34fs*30,nik_deg_mod-NFkB,0.5
TNFRSF14,TNFRSF14:G5fs*17,nik_deg_mod-NFkB,0.5
TNFRSF14,TNFRSF14:E115*,nik_deg_mod-NFkB,0.5
TNFRSF14,TNFRSF14:C121*,nik_deg_mod-NFkB,0.5
TNFRSF14,TNFRSF14:W12*,nik_deg_mod-NFkB,0.5
TNFRSF14,TNFRSF14:M1K,nik_deg_mod-NFkB,0.5
TNFRSF14,TNFRSF14:K56fs*7,nik_deg_mod-NFkB,0.5
TNFRSF14,TNFRSF14:L21*,nik_deg_mod-NFkB,0.5
TNFRSF14,TNFRSF14:E156*,nik_deg_mod-NFkB,0.5
TNFRSF14,TNFRSF14:W204*,nik_deg_mod-NFkB,0.5
TNFRSF14,TNFRSF14:W203*,nik_deg_mod-NFkB,0.5
TNFRSF14,TNFRSF14:K43*,nik_deg_mod-NFkB,0.5
TNFRSF14,TNFRSF14:M1K,nik_deg_mod-NFkB,0.5
TNFRSF14,TNFRSF14:Q182*,nik_deg_mod-NFkB,0.5
TNFRSF14,TNFRSF14:W12*,nik_deg_mod-NFkB,0.5
TNFRSF14,TNFRSF14:W203*,nik_deg_mod-NFkB,0.5
TNFRSF14,TNFRSF14:Y83fs*10,nik_deg_mod-NFkB,0.5
TNFRSF14,TNFRSF14:Q158fs*75,nik_deg_mod-NFkB,0.5
TNFRSF14,TNFRSF14:W12*,nik_deg_mod-NFkB,0.5
TNFRSF14,TNFRSF14:W12*,nik_deg_mod-NFkB,0.5
TNFRSF14,TNFRSF14:W12*,nik_deg_mod-NFkB,0.5
TNFRSF14,TNFRSF14:T169fs*65,nik_deg_mod-NFkB,0.5
TNFRSF14,TNFRSF14:C75fs*1,nik_deg_mod-NFkB,0.5
TNFRSF14,TNFRSF14:W12*,nik_deg_mod-NFkB,0.5
TNFRSF14,TNFRSF14:W187*,nik_deg_mod-NFkB,0.5
TNFRSF14,TNFRSF14:W7fs*8,nik_deg_mod-NFkB,0.5
TNFRSF14,TNFRSF14:C34fs*43,nik_deg_mod-NFkB,0.5
TNFRSF14,TNFRSF14:Q148fs*40,nik_deg_mod-NFkB,0.5
TNFRSF14,TNFRSF14:E44fs*20,nik_deg_mod-NFkB,0.5
TNFRSF14,TNFRSF14:M1I,nik_deg_mod-NFkB,0.5
TNFRSF14,TNFRSF14:M1I,nik_deg_mod-NFkB,0.5
TNFRSF14,TNFRSF14:Q151*,nik_deg_mod-NFkB,0.5
TNFRSF14,TNFRSF14:W12*,nik_deg_mod-NFkB,0.5
TNFRSF14,TNFRSF14:Y141fs*1,nik_deg_mod-NFkB,0.5
TNFRSF14,TNFRSF14:E44*,nik_deg_mod-NFkB,0.5
TNFRSF14,TNFRSF14:Y26*,nik_deg_mod-NFkB,0.5
TNFRSF14,TNFRSF14:K184*,nik_deg_mod-NFkB,0.5
TNFRSF14,TNFRSF14:M1I,nik_deg_mod-NFkB,0.5
TNFRSF14,TNFRSF14:W12*,nik_deg_mod-NFkB,0.5
TNFRSF14,TNFRSF14:W12*,nik_deg_mod-NFkB,0.5
TNFRSF14,TNFRSF14:C34*,nik_deg_mod-NFkB,0.5
TNFRSF14,TNFRSF14:P167fs*23,nik_deg_mod-NFkB,0.5
TNFRSF14,TNFRSF14:Q180*,nik_deg_mod-NFkB,0.5
TNFRSF14,TNFRSF14:T169fs*65,nik_deg_mod-NFkB,0.5
TNFRSF14,TNFRSF14:C93*,nik_deg_mod-NFkB,0.5
TNFRSF14,TNFRSF14:C138fs*50,nik_deg_mod-NFkB,0.5
TNFRSF14,TNFRSF14:Q130*,nik_deg_mod-NFkB,0.5
TNFRSF14,TNFRSF14:D6fs*70,nik_deg_mod-NFkB,0.5
TNFRSF14,TNFRSF14:C93*,nik_deg_mod-NFkB,0.5
TNFRSF14,TNFRSF14:A107fs*126,nik_deg_mod-NFkB,0.5
TNFRSF14,HETLOSS,nik_deg_mod-NFkB,0.5
TNFRSF14,HETLOSS,nik_deg_mod-NFkB,0.5
TNFRSF14,HETLOSS,nik_deg_mod-NFkB,0.5
TNFRSF14,HETLOSS,nik_deg_mod-NFkB,0.5
TNFRSF14,HETLOSS,nik_deg_mod-NFkB,0.5
TNFRSF14,HETLOSS,nik_deg_mod-NFkB,0.5
TNFRSF14,HETLOSS,nik_deg_mod-NFkB,0.5
TNFRSF14,HETLOSS,nik_deg_mod-NFkB,0.5
TNFRSF14,HETLOSS,nik_deg_mod-NFkB,0.5
TNFRSF14,HETLOSS,nik_deg_mod-NFkB,0.5
TNFRSF14,HETLOSS,nik_deg_mod-NFkB,0.5
BCL10,BCL10:L209*,k2_scalingNumber-NFkB,1.5
TNFAIP3,TNFAIP3:K304fs*28,k2_scalingNumber-NFkB,1.5
PIM1,PIM1:L2F,k2_scalingNumber-NFkB,1.5
CD79B,CD79B:Y197S,k2_scalingNumber-NFkB,1.5
TNFAIP3,TNFAIP3:V288fs*5,k2_scalingNumber-NFkB,1.5
TNFAIP3,TNFAIP3:H405fs*17,k2_scalingNumber-NFkB,1.5
PIM1,PIM1:L2F,k2_scalingNumber-NFkB,1.5
PIM1,PIM1:S97R,k2_scalingNumber-NFkB,1.5
CARD11,CARD11:D401N,k2_scalingNumber-NFkB,1.5
CARD11,CARD11:G123S,k2_scalingNumber-NFkB,1.5
BCL10,BCL10:L209*,k2_scalingNumber-NFkB,1.5
TNFAIP3,TNFAIP3:Q737*,k2_scalingNumber-NFkB,1.5
BCL10,BCL10:L209*,k2_scalingNumber-NFkB,1.5
BCL10,BCL10:S167fs*3,k2_scalingNumber-NFkB,1.5
PIM1,PIM1:L2F,k2_scalingNumber-NFkB,1.5
PIM1,PIM1:L2F,k2_scalingNumber-NFkB,1.5
PIM1,PIM1:S97N,k2_scalingNumber-NFkB,1.5
CARD11,CARD11:F115I,k2_scalingNumber-NFkB,1.5
TNFAIP3,TNFAIP3:L469fs*8,k2_scalingNumber-NFkB,1.5
TNFAIP3,TNFAIP3:A753fs*5,k2_scalingNumber-NFkB,1.5
PIM1,PIM1:L2F,k2_scalingNumber-NFkB,1.5
TNFAIP3,TNFAIP3:K424fs*5,k2_scalingNumber-NFkB,1.5
PIM1,PIM1:H68D,k2_scalingNumber-NFkB,1.5
PIM1,PIM1:S97T,k2_scalingNumber-NFkB,1.5
TNFAIP3,TNFAIP3:L303fs*1,k2_scalingNumber-NFkB,1.5
PIM1,PIM1:L2P,k2_scalingNumber-NFkB,1.5
TNFAIP3,TNFAIP3:G666fs*6,k2_scalingNumber-NFkB,1.5
PIM1,PIM1:S97T,k2_scalingNumber-NFkB,1.5
PIM1,PIM1:L2F,k2_scalingNumber-NFkB,1.5
PIM1,PIM1:S97N,k2_scalingNumber-NFkB,1.5
CARD11,CARD11:G123D,k2_scalingNumber-NFkB,1.5
CARD11,CARD11:D401N,k2_scalingNumber-NFkB,1.5
TNFAIP3,TNFAIP3:T118fs*21,k2_scalingNumber-NFkB,1.5
TNFAIP3,TNFAIP3:V288fs*4,k2_scalingNumber-NFkB,1.5
TNFAIP3,TNFAIP3:E406*,k2_scalingNumber-NFkB,1.5
BCL10,BCL10:R58L,k2_scalingNumber-NFkB,1.5
BCL10,BCL10:K146*,k2_scalingNumber-NFkB,1.5
TNFAIP3,TNFAIP3:P336fs*7,k2_scalingNumber-NFkB,1.5
PIM1,PIM1:S97R,k2_scalingNumber-NFkB,1.5
CD79B,CD79B:Y197S,k2_scalingNumber-NFkB,1.5
PIM1,PIM1:L2F,k2_scalingNumber-NFkB,1.5
CARD11,CARD11:D401V,k2_scalingNumber-NFkB,1.5
PIM1,PIM1:S97N,k2_scalingNumber-NFkB,1.5
BCL10,BCL10:K146*,k2_scalingNumber-NFkB,1.5
TNFAIP3,TNFAIP3:P556fs*140,k2_scalingNumber-NFkB,1.5
PIM1,PIM1:S97N,k2_scalingNumber-NFkB,1.5
PIM1,PIM1:L2F,k2_scalingNumber-NFkB,1.5
TNFAIP3,TNFAIP3:K20*,k2_scalingNumber-NFkB,1.5
TNFAIP3,TNFAIP3:W356*,k2_scalingNumber-NFkB,1.5
PIM1,PIM1:S97R,k2_scalingNumber-NFkB,1.5
TNFAIP3,TNFAIP3:L324fs*7,k2_scalingNumber-NFkB,1.5
TNFAIP3,TNFAIP3:F395fs*10,k2_scalingNumber-NFkB,1.5
CARD11,CARD11:D230N,k2_scalingNumber-NFkB,1.5
BCL10,BCL10:L223fs*3,k2_scalingNumber-NFkB,1.5
CD79B,CD79B:Y197S,k2_scalingNumber-NFkB,1.5
BCL10,BCL10:E178*,k2_scalingNumber-NFkB,1.5
TNFAIP3,TNFAIP3:L77fs*17,k2_scalingNumber-NFkB,1.5
PIM1,PIM1:S97N,k2_scalingNumber-NFkB,1.5
BCL10,BCL10:S136*,k2_scalingNumber-NFkB,1.5
TNFAIP3,TNFAIP3:L446*,k2_scalingNumber-NFkB,1.5
CARD11,CARD11:G123A,k2_scalingNumber-NFkB,1.5
TNFAIP3,TNFAIP3:R271*,k2_scalingNumber-NFkB,1.5
TNFAIP3,TNFAIP3:Q593*,k2_scalingNumber-NFkB,1.5
BCL10,BCL10:L225fs*1,k2_scalingNumber-NFkB,1.5
TNFAIP3,TNFAIP3:A610fs*62,k2_scalingNumber-NFkB,1.5
PIM1,PIM1:S97N,k2_scalingNumber-NFkB,1.5
BCL10,BCL10:R58Q,k2_scalingNumber-NFkB,1.5
PIM1,PIM1:S97R,k2_scalingNumber-NFkB,1.5
TNFAIP3,TNFAIP3:V398fs*8,k2_scalingNumber-NFkB,1.5
TNFAIP3,TNFAIP3:Q55*,k2_scalingNumber-NFkB,1.5
BCL10,BCL10:L225*,k2_scalingNumber-NFkB,1.5
CARD11,CARD11:F130I,k2_scalingNumber-NFkB,1.5
PIM1,PIM1:S97R,k2_scalingNumber-NFkB,1.5
CD79B,CD79B:Y197N,k2_scalingNumber-NFkB,1.5
TNFAIP3,TNFAIP3:Y443*,k2_scalingNumber-NFkB,1.5
CARD11,CARD11:D401V,k2_scalingNumber-NFkB,1.5
BCL10,BCL10:S141fs*1,k2_scalingNumber-NFkB,1.5
TNFAIP3,TNFAIP3:Y306fs*1,k2_scalingNumber-NFkB,1.5
CARD11,CARD11:D230N,k2_scalingNumber-NFkB,1.5
BCL10,BCL10:S136*,k2_scalingNumber-NFkB,1.5
CARD11,CARD11:F115I,k2_scalingNumber-NFkB,1.5
PIM1,PIM1:S97N,k2_scalingNumber-NFkB,1.5
CARD11,CARD11:G123S,k2_scalingNumber-NFkB,1.5
CD79B,CD79B:Y197S,k2_scalingNumber-NFkB,1.5
PIM1,PIM1:H68Y,k2_scalingNumber-NFkB,1.5
TNFAIP3,TNFAIP3:Q187fs*29,k2_scalingNumber-NFkB,1.5
CARD11,CARD11:C49F,k2_scalingNumber-NFkB,1.5
PIM1,PIM1:L2F,k2_scalingNumber-NFkB,1.5
TNFAIP3,TNFAIP3:R245fs*15,k2_scalingNumber-NFkB,1.5
CARD11,CARD11:D401V,k2_scalingNumber-NFkB,1.5
PIM1,PIM1:S97N,k2_scalingNumber-NFkB,1.5
TNFAIP3,TNFAIP3:Q370*,k2_scalingNumber-NFkB,1.5
TNFAIP3,TNFAIP3:N163fs*3,k2_scalingNumber-NFkB,1.5
CD79B,CD79B:Y197S,k2_scalingNumber-NFkB,1.5
CARD11,CARD11:G123S,k2_scalingNumber-NFkB,1.5
TNFAIP3,TNFAIP3:A464fs*13,k2_scalingNumber-NFkB,1.5
BCL10,BCL10:L209*,k2_scalingNumber-NFkB,1.5
TNFAIP3,TNFAIP3:Q150fs*4,k2_scalingNumber-NFkB,1.5
PIM1,PIM1:L2F,k2_scalingNumber-NFkB,1.5
CARD11,CARD11:D401N,k2_scalingNumber-NFkB,1.5
BCL10,BCL10:F143fs*5,k2_scalingNumber-NFkB,1.5
TNFAIP3,TNFAIP3:N340fs*3,k2_scalingNumber-NFkB,1.5
TNFAIP3,TNFAIP3:E781*,k2_scalingNumber-NFkB,1.5
BCL10,BCL10:C215*,k2_scalingNumber-NFkB,1.5
BCL10,BCL10:S141fs*1,k2_scalingNumber-NFkB,1.5
TNFAIP3,TNFAIP3:Q370*,k2_scalingNumber-NFkB,1.5
BCL10,BCL10:S141fs*1,k2_scalingNumber-NFkB,1.5
TNFAIP3,TNFAIP3:V258fs*12,k2_scalingNumber-NFkB,1.5
TNFAIP3,TNFAIP3:K264fs*7,k2_scalingNumber-NFkB,1.5
CD79B,CD79B:Y197S,k2_scalingNumber-NFkB,1.5
PIM1,PIM1:L2F,k2_scalingNumber-NFkB,1.5
CD79B,CD79B:Y197S,k2_scalingNumber-NFkB,1.5
PIM1,PIM1:S97N,k2_scalingNumber-NFkB,1.5
BCL10,BCL10:E159*,k2_scalingNumber-NFkB,1.5
TNFAIP3,TNFAIP3:L330fs*3,k2_scalingNumber-NFkB,1.5
TNFAIP3,TNFAIP3:W448*,k2_scalingNumber-NFkB,1.5
TNFAIP3,TNFAIP3:C627fs*44,k2_scalingNumber-NFkB,1.5
CD79B,CD79B:Y197N,k2_scalingNumber-NFkB,1.5
CARD11,CARD11:G123C,k2_scalingNumber-NFkB,1.5
TNFAIP3,TNFAIP3:K759fs*10,k2_scalingNumber-NFkB,1.5
CD79B,CD79B:Y197S,k2_scalingNumber-NFkB,1.5
TNFAIP3,TNFAIP3:L324fs*7,k2_scalingNumber-NFkB,1.5
TNFAIP3,TNFAIP3:C539fs*132,k2_scalingNumber-NFkB,1.5
BCL10,BCL10:L174*,k2_scalingNumber-NFkB,1.5
TNFAIP3,TNFAIP3:Q415*,k2_scalingNumber-NFkB,1.5
PIM1,PIM1:H68Y,k2_scalingNumber-NFkB,1.5
CARD11,CARD11:D401N,k2_scalingNumber-NFkB,1.5
PIM1,PIM1:S97N,k2_scalingNumber-NFkB,1.5
BCL10,BCL10:R58Q,k2_scalingNumber-NFkB,1.5
TNFAIP3,TNFAIP3:V288fs*8,k2_scalingNumber-NFkB,1.5
CARD11,CARD11:F115L,k2_scalingNumber-NFkB,1.5
PIM1,PIM1:S97N,k2_scalingNumber-NFkB,1.5
TNFAIP3,TNFAIP3:C54fs*47,k2_scalingNumber-NFkB,1.5
CARD11,CARD11:D230N,k2_scalingNumber-NFkB,1.5
PIM1,PIM1:H68Q,k2_scalingNumber-NFkB,1.5
CARD11,CARD11:F115L,k2_scalingNumber-NFkB,1.5
CD79B,CD79B:Y197N,k2_scalingNumber-NFkB,1.5
BCL10,BCL10:L174*,k2_scalingNumber-NFkB,1.5
TNFAIP3,TNFAIP3:P457fs*21,k2_scalingNumber-NFkB,1.5
TNFAIP3,TNFAIP3:L382fs*6,k2_scalingNumber-NFkB,1.5
TNFAIP3,TNFAIP3:H368fs*18,k2_scalingNumber-NFkB,1.5
BCL10,BCL10:E140*,k2_scalingNumber-NFkB,1.5
CARD11,CARD11:D401N,k2_scalingNumber-NFkB,1.5
BCL10,BCL10:S141fs*2,k2_scalingNumber-NFkB,1.5
TNFAIP3,TNFAIP3:L303*,k2_scalingNumber-NFkB,1.5
CARD11,CARD11:G123D,k2_scalingNumber-NFkB,1.5
BCL10,BCL10:L225*,k2_scalingNumber-NFkB,1.5
TNFAIP3,TNFAIP3:L83fs*17,k2_scalingNumber-NFkB,1.5
TNFAIP3,TNFAIP3:R24fs*7,k2_scalingNumber-NFkB,1.5
TNFAIP3,TNFAIP3:Q187*,k2_scalingNumber-NFkB,1.5
PIM1,PIM1:L2F,k2_scalingNumber-NFkB,1.5
PIM1,PIM1:H68Q,k2_scalingNumber-NFkB,1.5
PIM1,PIM1:S97N,k2_scalingNumber-NFkB,1.5
PIM1,PIM1:S97R,k2_scalingNumber-NFkB,1.5
PIM1,PIM1:H68Y,k2_scalingNumber-NFkB,1.5
PIM1,PIM1:S97N,k2_scalingNumber-NFkB,1.5
PIM1,PIM1:H68Y,k2_scalingNumber-NFkB,1.5
PIM1,PIM1:S97N,k2_scalingNumber-NFkB,1.5
BCL10,BCL10:S136*,k2_scalingNumber-NFkB,1.5
TNFAIP3,TNFAIP3:V261fs*1,k2_scalingNumber-NFkB,1.5
PIM1,PIM1:S97N,k2_scalingNumber-NFkB,1.5
CARD11,CARD11:G123S,k2_scalingNumber-NFkB,1.5
CARD11,CARD11:D230N,k2_scalingNumber-NFkB,1.5
TNFAIP3,TNFAIP3:F197fs*19,k2_scalingNumber-NFkB,1.5
TNFAIP3,TNFAIP3:C86fs*1,k2_scalingNumber-NFkB,1.5
BCL10,BCL10:E211*,k2_scalingNumber-NFkB,1.5
CARD11,CARD11:G123D,k2_scalingNumber-NFkB,1.5
PIM1,PIM1:L2F,k2_scalingNumber-NFkB,1.5
TNFAIP3,TNFAIP3:R24fs*7,k2_scalingNumber-NFkB,1.5
BCL10,BCL10:E178*,k2_scalingNumber-NFkB,1.5
CD79B,CD79B:Y197S,k2_scalingNumber-NFkB,1.5
TNFAIP3,TNFAIP3:V276fs*11,k2_scalingNumber-NFkB,1.5
CARD11,CARD11:D230N,k2_scalingNumber-NFkB,1.5
BCL10,BCL10:E145fs*3,k2_scalingNumber-NFkB,1.5
PIM1,PIM1:S97N,k2_scalingNumber-NFkB,1.5
TNFAIP3,TNFAIP3:P457fs*16,k2_scalingNumber-NFkB,1.5
TNFAIP3,TNFAIP3:K477*,k2_scalingNumber-NFkB,1.5
CARD11,CARD11:D401N,k2_scalingNumber-NFkB,1.5
TNFAIP3,TNFAIP3:E755fs*14,k2_scalingNumber-NFkB,1.5
BCL10,BCL10:L174*,k2_scalingNumber-NFkB,1.5
BCL10,BCL10:R58Q,k2_scalingNumber-NFkB,1.5
BCL10,BCL10:F143fs*5,k2_scalingNumber-NFkB,1.5
TNFAIP3,TNFAIP3:K131*,k2_scalingNumber-NFkB,1.5
BCL10,BCL10:L209*,k2_scalingNumber-NFkB,1.5
CARD11,CARD11:F130C,k2_scalingNumber-NFkB,1.5
CD79B,CD79B:Y197S,k2_scalingNumber-NFkB,1.5
BCL10,BCL10:N142fs*4,k2_scalingNumber-NFkB,1.5
BCL10,BCL10:S136*,k2_scalingNumber-NFkB,1.5
TNFAIP3,TNFAIP3:L382fs*3,k2_scalingNumber-NFkB,1.5
TNFAIP3,TNFAIP3:R282fs*3,k2_scalingNumber-NFkB,1.5
PIM1,PIM1:S97R,k2_scalingNumber-NFkB,1.5
TNFAIP3,TNFAIP3:F394fs*13,k2_scalingNumber-NFkB,1.5
TNFAIP3,TNFAIP3:F30fs*66,k2_scalingNumber-NFkB,1.5
TNFAIP3,TNFAIP3:C624fs*73,k2_scalingNumber-NFkB,1.5
BCL10,BCL10:P198fs*2,k2_scalingNumber-NFkB,1.5
PIM1,PIM1:L2F,k2_scalingNumber-NFkB,1.5
BCL10,BCL10:L209*,k2_scalingNumber-NFkB,1.5
PIM1,PIM1:S97T,k2_scalingNumber-NFkB,1.5
PIM1,PIM1:L2F,k2_scalingNumber-NFkB,1.5
CD79B,CD79B:Y197S,k2_scalingNumber-NFkB,1.5
CD79B,CD79B:Y197N,k2_scalingNumber-NFkB,1.5
BCL10,BCL10:S138fs*3,k2_scalingNumber-NFkB,1.5
TNFAIP3,TNFAIP3:R685fs*3,k2_scalingNumber-NFkB,1.5
TNFAIP3,TNFAIP3:R685fs*3,k2_scalingNumber-NFkB,1.5
CD79B,CD79B:Y197N,k2_scalingNumber-NFkB,1.5
CD79B,CD79B:Y197N,k2_scalingNumber-NFkB,1.5
PIM1,PIM1:H68Y,k2_scalingNumber-NFkB,1.5
PIM1,PIM1:S97N,k2_scalingNumber-NFkB,1.5
TNFAIP3,TNFAIP3:V115fs*25,k2_scalingNumber-NFkB,1.5
CARD11,CARD11:D401V,k2_scalingNumber-NFkB,1.5
CARD11,CARD11:F130V,k2_scalingNumber-NFkB,1.5
TNFAIP3,TNFAIP3:M308fs*2,k2_scalingNumber-NFkB,1.5
TNFAIP3,TNFAIP3:Q522*,k2_scalingNumber-NFkB,1.5
CARD11,CARD11:D401V,k2_scalingNumber-NFkB,1.5
TNFAIP3,TNFAIP3:Y46*,k2_scalingNumber-NFkB,1.5
TNFAIP3,TNFAIP3:L260*,k2_scalingNumber-NFkB,1.5
PIM1,PIM1:S97R,k2_scalingNumber-NFkB,1.5
PIM1,PIM1:S97T,k2_scalingNumber-NFkB,1.5
TNFAIP3,TNFAIP3:E630*,k2_scalingNumber-NFkB,1.5
BCL10,BCL10:L174*,k2_scalingNumber-NFkB,1.5
CD79B,CD79B:Y197S,k2_scalingNumber-NFkB,1.5
PIM1,PIM1:S97T,k2_scalingNumber-NFkB,1.5
TNFAIP3,TNFAIP3:E297*,k2_scalingNumber-NFkB,1.5
CARD11,CARD11:D401N,k2_scalingNumber-NFkB,1.5
CARD11,CARD11:F115I,k2_scalingNumber-NFkB,1.5
BCL10,BCL10:C119*,k2_scalingNumber-NFkB,1.5
TNFAIP3,TNFAIP3:W142*,k2_scalingNumber-NFkB,1.5
PIM1,PIM1:S97N,k2_scalingNumber-NFkB,1.5
CARD11,CARD11:F115L,k2_scalingNumber-NFkB,1.5
CARD11,CARD11:D230N,k2_scalingNumber-NFkB,1.5
TNFAIP3,TNFAIP3:F197fs*57,k2_scalingNumber-NFkB,1.5
CD79B,CD79B:Y197S,k2_scalingNumber-NFkB,1.5
PIM1,PIM1:S97T,k2_scalingNumber-NFkB,1.5
TNFAIP3,TNFAIP3:E366*,k2_scalingNumber-NFkB,1.5
PIM1,PIM1:L2F,k2_scalingNumber-NFkB,1.5
CARD11,CARD11:F115I,k2_scalingNumber-NFkB,1.5
PIM1,PIM1:S97T,k2_scalingNumber-NFkB,1.5
BCL10,BCL10:R232*,k2_scalingNumber-NFkB,1.5
BCL10,BCL10:R135*,k2_scalingNumber-NFkB,1.5
TNFAIP3,TNFAIP3:E284fs*1,k2_scalingNumber-NFkB,1.5
TP53,TP53:R248Q,k1_bcl2Exp-linking,1.5
TP53,TP53:C141Y,k1_bcl2Exp-linking,1.5
TP53,TP53:N131Y,k1_bcl2Exp-linking,1.5
TP53,TP53:A159V,k1_bcl2Exp-linking,1.5
TP53,TP53:R282G,k1_bcl2Exp-linking,1.5
TP53,TP53:L336*,k1_bcl2Exp-linking,1.5
RB1,RB1:N290fs*20,k1_26-cellCycle,0.5
BCL2,BCL2:P59L,k1_bcl2Exp-linking,1.5
TP53,TP53:L111Q,k1_bcl2Exp-linking,1.5
CDKN2A,CDKN2A:R58*,k1_26-cellCycle,0.5
IRF8,IRF8:E396*,k1_s_IRF4-linking,0.5
NFKBIA,NFKBIA:Q50*,kmax_IkBaSynth-NFkB,0.5
NFKBIA,NFKBIA:Q69*,kmax_IkBaSynth-NFkB,0.5
NFKBIA,NFKBIA:E128fs*36,kmax_IkBaSynth-NFkB,0.5
CDKN2A,CDKN2A:W110*,k1_26-cellCycle,0.5
TP53,TP53:Y126N,k1_bcl2Exp-linking,1.5
TP53,TP53:Y205*,k1_bcl2Exp-linking,1.5
TP53,TP53:C176Y,k1_bcl2Exp-linking,1.5
TP53,TP53:R196*,k1_bcl2Exp-linking,1.5
IRF8,IRF8:N421fs*32,k1_s_IRF4-linking,0.5
CDKN2A,CDKN2A:R80*,k1_26-cellCycle,0.5
CDKN2A,CDKN2A:Y129*,k1_26-cellCycle,0.5
NFKBIA,NFKBIA:Q112*,kmax_IkBaSynth-NFkB,0.5
NFKBIA,NFKBIA:N244fs*40,kmax_IkBaSynth-NFkB,0.5
IRF8,IRF8:V390fs*79,k1_s_IRF4-linking,0.5
CDKN2A,CDKN2A:R80*,k1_26-cellCycle,0.5
NFKBIA,NFKBIA:K87fs*3,kmax_IkBaSynth-NFkB,0.5
TP53,TP53:D184fs*62,k1_bcl2Exp-linking,1.5
BCL2,BCL2:P59S,k1_bcl2Exp-linking,1.5
TP53,TP53:A138P,k1_bcl2Exp-linking,1.5
TP53,TP53:R248Q,k1_bcl2Exp-linking,1.5
TP53,TP53:Y205F,k1_bcl2Exp-linking,1.5
TP53,TP53:S215C,k1_bcl2Exp-linking,1.5
BCL2,BCL2:A131D,k1_bcl2Exp-linking,1.5
CDKN2A,CDKN2A:Y129*,k1_26-cellCycle,0.5
CDKN2A,CDKN2A:T31fs*17,k1_26-cellCycle,0.5
CDKN2A,CDKN2A:E33fs*15,k1_26-cellCycle,0.5
PAX5,PAX5:A322fs*19,k1_e_pax5-differentiation,0.5
TP53,TP53:I251L,k1_bcl2Exp-linking,1.5
TP53,TP53:R282P,k1_bcl2Exp-linking,1.5
IRF8,IRF8:Q423fs*31,k1_s_IRF4-linking,0.5
TP53,TP53:D42fs*2,k1_bcl2Exp-linking,1.5
BCL2,BCL2:P59T,k1_bcl2Exp-linking,1.5
TP53,TP53:Y126H,k1_bcl2Exp-linking,1.5
CDKN1B,CDKN1B:S125fs*1,k2_5-cellCycle,0.5
TP53,TP53:L111P,k1_bcl2Exp-linking,1.5
RB1,RB1:L234*,k1_26-cellCycle,0.5
PAX5,PAX5:M1V,k1_e_pax5-differentiation,0.5
CDKN2A,CDKN2A:L65fs*56,k1_26-cellCycle,0.5
NFKBIA,NFKBIA:Q69*,kmax_IkBaSynth-NFkB,0.5
TP53,TP53:Y126N,k1_bcl2Exp-linking,1.5
CDKN2A,CDKN2A:L63fs*47,k1_26-cellCycle,0.5
CDKN2A,CDKN2A:R80*,k1_26-cellCycle,0.5
TP53,TP53:W146*,k1_bcl2Exp-linking,1.5
TP53,TP53:V147F,k1_bcl2Exp-linking,1.5
NFKBIA,NFKBIA:L157fs*8,kmax_IkBaSynth-NFkB,0.5
RB1,RB1:I66fs*11,k1_26-cellCycle,0.5
NFKBIA,NFKBIA:E72fs*19,kmax_IkBaSynth-NFkB,0.5
TP53,TP53:I251S,k1_bcl2Exp-linking,1.5
TP53,TP53:R273C,k1_bcl2Exp-linking,1.5
CDKN2A,CDKN2A:R80*,k1_26-cellCycle,0.5
BCL2,BCL2:A131V,k1_bcl2Exp-linking,1.5
RB1,RB1:R358*,k1_26-cellCycle,0.5
TP53,TP53:S241T,k1_bcl2Exp-linking,1.5
TP53,TP53:*347Q,k1_bcl2Exp-linking,1.5
BCL2,BCL2:P59L,k1_bcl2Exp-linking,1.5
TP53,TP53:M1K,k1_bcl2Exp-linking,1.5
TP53,TP53:R249G,k1_bcl2Exp-linking,1.5
BCL2,BCL2:A131D,k1_bcl2Exp-linking,1.5
TP53,TP53:R282W,k1_bcl2Exp-linking,1.5
BCL2,BCL2:P59A,k1_bcl2Exp-linking,1.5
IRF8,IRF8:T80A,k1_s_IRF4-linking,0.5
TP53,TP53:P191delP,k1_bcl2Exp-linking,1.5
BCL2,BCL2:N172S,k1_bcl2Exp-linking,1.5
TP53,TP53:Y234D,k1_bcl2Exp-linking,1.5
NFKBIA,NFKBIA:Q44*,kmax_IkBaSynth-NFkB,0.5
IRF8,IRF8:*427E,k1_s_IRF4-linking,0.5
TP53,TP53:V274A,k1_bcl2Exp-linking,1.5
TP53,TP53:I195N,k1_bcl2Exp-linking,1.5
IRF8,IRF8:E420*,k1_s_IRF4-linking,0.5
IRF8,IRF8:Q392*,k1_s_IRF4-linking,0.5
NFKBIA,NFKBIA:K47*,kmax_IkBaSynth-NFkB,0.5
IRF8,IRF8:T80S,k1_s_IRF4-linking,0.5
CASP8,CASP8:Q286*,k1_76-apoptosis,0.5
CDKN1B,CDKN1B:W76*,k2_5-cellCycle,0.5
BCL2,BCL2:A131G,k1_bcl2Exp-linking,1.5
NFKBIA,NFKBIA:Q44*,kmax_IkBaSynth-NFkB,0.5
NFKBIA,NFKBIA:L101fs*24,kmax_IkBaSynth-NFkB,0.5
IRF8,IRF8:*427fs*26,k1_s_IRF4-linking,0.5
BCL2,BCL2:A131D,k1_bcl2Exp-linking,1.5
BCL2,BCL2:A131D,k1_bcl2Exp-linking,1.5
NFKBIA,NFKBIA:E51*,kmax_IkBaSynth-NFkB,0.5
NFKBIA,NFKBIA:L78fs*5,kmax_IkBaSynth-NFkB,0.5
BCL2,BCL2:P59A,k1_bcl2Exp-linking,1.5
IRF8,IRF8:Q392*,k1_s_IRF4-linking,0.5
RB1,RB1:L647fs*10,k1_26-cellCycle,0.5
IRF8,IRF8:E396*,k1_s_IRF4-linking,0.5
BCL2,BCL2:P59S,k1_bcl2Exp-linking,1.5
PAX5,PAX5:C288*,k1_e_pax5-differentiation,0.5
RB1,RB1:R455*,k1_26-cellCycle,0.5
NFKBIA,NFKBIA:Y42*,kmax_IkBaSynth-NFkB,0.5
NFKBIA,NFKBIA:Q44*,kmax_IkBaSynth-NFkB,0.5
NFKBIA,NFKBIA:V233fs*5,kmax_IkBaSynth-NFkB,0.5
IRF8,IRF8:C385fs*54,k1_s_IRF4-linking,0.5
TP53,TP53:E285fs*20,k1_bcl2Exp-linking,1.5
TP53,TP53:G245A,k1_bcl2Exp-linking,1.5
TP53,TP53:P75fs*48,k1_bcl2Exp-linking,1.5
TP53,TP53:R273C,k1_bcl2Exp-linking,1.5
IRF8,IRF8:T80A,k1_s_IRF4-linking,0.5
CDKN2A,CDKN2A:N42fs*2,k1_26-cellCycle,0.5
CDKN2A,CDKN2A:R80*,k1_26-cellCycle,0.5
IRF8,IRF8:Q422fs*30,k1_s_IRF4-linking,0.5
TP53,TP53:C277F,k1_bcl2Exp-linking,1.5
IRF8,IRF8:T80A,k1_s_IRF4-linking,0.5
RB1,RB1:L335*,k1_26-cellCycle,0.5
BCL2,BCL2:A131D,k1_bcl2Exp-linking,1.5
TP53,TP53:Y205N,k1_bcl2Exp-linking,1.5
NFKBIA,NFKBIA:Q68*,kmax_IkBaSynth-NFkB,0.5
NFKBIA,NFKBIA:Q69*,kmax_IkBaSynth-NFkB,0.5
PAX5,PAX5:M1V,k1_e_pax5-differentiation,0.5
TP53,TP53:K132T,k1_bcl2Exp-linking,1.5
TP53,TP53:N210fs*3,k1_bcl2Exp-linking,1.5
CDKN1B,CDKN1B:Q77*,k2_5-cellCycle,0.5
IRF8,IRF8:E420*,k1_s_IRF4-linking,0.5
NFKBIA,NFKBIA:Q50*,kmax_IkBaSynth-NFkB,0.5
NFKBIA,NFKBIA:K87*,kmax_IkBaSynth-NFkB,0.5
PAX5,PAX5:M1L,k1_e_pax5-differentiation,0.5
TP53,TP53:R249G,k1_bcl2Exp-linking,1.5
IRF8,IRF8:Q392fs*58,k1_s_IRF4-linking,0.5
RB1,RB1:Y749fs*7,k1_26-cellCycle,0.5
TP53,TP53:S240G,k1_bcl2Exp-linking,1.5
TP53,TP53:Y236H,k1_bcl2Exp-linking,1.5
TP53,TP53:R273C,k1_bcl2Exp-linking,1.5
TP53,TP53:L257Q,k1_bcl2Exp-linking,1.5
CASP8,CASP8:Q225fs*2,k1_76-apoptosis,0.5
IRF8,IRF8:*427fs*26,k1_s_IRF4-linking,0.5
TP53,TP53:D228fs*19,k1_bcl2Exp-linking,1.5
TP53,TP53:E258K,k1_bcl2Exp-linking,1.5
CDKN2A,CDKN2A:R80*,k1_26-cellCycle,0.5
TP53,TP53:Y234N,k1_bcl2Exp-linking,1.5
TP53,TP53:Y205S,k1_bcl2Exp-linking,1.5
IRF8,IRF8:Q422fs*31,k1_s_IRF4-linking,0.5
BCL2,BCL2:A131V,k1_bcl2Exp-linking,1.5
TP53,TP53:N239D,k1_bcl2Exp-linking,1.5
TP53,TP53:Y234N,k1_bcl2Exp-linking,1.5
IRF8,IRF8:V426fs*27,k1_s_IRF4-linking,0.5
TP53,TP53:R248Q,k1_bcl2Exp-linking,1.5
TP53,TP53:Y126D,k1_bcl2Exp-linking,1.5
TP53,TP53:L137V,k1_bcl2Exp-linking,1.5
TP53,TP53:M160V,k1_bcl2Exp-linking,1.5
NFKBIA,NFKBIA:Q44*,kmax_IkBaSynth-NFkB,0.5
TP53,TP53:G245D,k1_bcl2Exp-linking,1.5
NFKBIA,NFKBIA:Y42*,kmax_IkBaSynth-NFkB,0.5
IRF8,IRF8:*427fs*26,k1_s_IRF4-linking,0.5
TP53,TP53:P177R,k1_bcl2Exp-linking,1.5
IRF8,IRF8:Q392*,k1_s_IRF4-linking,0.5
IRF8,IRF8:Q423*,k1_s_IRF4-linking,0.5
TP53,TP53:Q167*,k1_bcl2Exp-linking,1.5
NFKBIA,NFKBIA:Q69*,kmax_IkBaSynth-NFkB,0.5
TP53,TP53:I255F,k1_bcl2Exp-linking,1.5
NFKBIA,NFKBIA:P56fs*12,kmax_IkBaSynth-NFkB,0.5
TP53,TP53:R213*,k1_bcl2Exp-linking,1.5
TP53,TP53:P75fs*48,k1_bcl2Exp-linking,1.5
TP53,TP53:P322fs*24,k1_bcl2Exp-linking,1.5
NFKBIA,NFKBIA:Q68*,kmax_IkBaSynth-NFkB,0.5
IRF8,IRF8:*427Q,k1_s_IRF4-linking,0.5
TP53,TP53:R280S,k1_bcl2Exp-linking,1.5
NFKBIA,NFKBIA:Q68*,kmax_IkBaSynth-NFkB,0.5
NFKBIA,NFKBIA:Q69*,kmax_IkBaSynth-NFkB,0.5
BCL2,BCL2:A131V,k1_bcl2Exp-linking,1.5
BCL2,BCL2:A131T,k1_bcl2Exp-linking,1.5
TP53,TP53:Y234fs*7,k1_bcl2Exp-linking,1.5
CDKN2A,CDKN2A:R80*,k1_26-cellCycle,0.5
NFKBIA,NFKBIA:Q44*,kmax_IkBaSynth-NFkB,0.5
CDKN2A,CDKN2A:R80*,k1_26-cellCycle,0.5
TP53,TP53:L194F,k1_bcl2Exp-linking,1.5
TP53,TP53:V274D,k1_bcl2Exp-linking,1.5
CDKN2A,CDKN2A:R58*,k1_26-cellCycle,0.5
TP53,TP53:R181G,k1_bcl2Exp-linking,1.5
TP53,TP53:C229*,k1_bcl2Exp-linking,1.5
RB1,RB1:E282*,k1_26-cellCycle,0.5
TP53,TP53:K291fs*15,k1_bcl2Exp-linking,1.5
NFKBIA,NFKBIA:L139fs*9,kmax_IkBaSynth-NFkB,0.5
CDKN1B,CDKN1B:Y88*,k2_5-cellCycle,0.5
IRF8,IRF8:Q181fs*133,k1_s_IRF4-linking,0.5
NFKBIA,NFKBIA:W66*,kmax_IkBaSynth-NFkB,0.5
BCL2,BCL2:P59S,k1_bcl2Exp-linking,1.5
BCL2,BCL2:A131D,k1_bcl2Exp-linking,1.5
TP53,TP53:V157F,k1_bcl2Exp-linking,1.5
TP53,TP53:M243I,k1_bcl2Exp-linking,1.5
BCL2,BCL2:A131D,k1_bcl2Exp-linking,1.5
CDKN2A,CDKN2A:R80*,k1_26-cellCycle,0.5
IRF8,IRF8:Q422fs*30,k1_s_IRF4-linking,0.5
TP53,TP53:F212fs*3,k1_bcl2Exp-linking,1.5
TP53,TP53:R273P,k1_bcl2Exp-linking,1.5
RB1,RB1:W99*,k1_26-cellCycle,0.5
TP53,TP53:V218_P223delinsG,k1_bcl2Exp-linking,1.5
TP53,TP53:P75fs*48,k1_bcl2Exp-linking,1.5
IRF8,IRF8:P398fs*54,k1_s_IRF4-linking,0.5
IRF8,IRF8:Q392*,k1_s_IRF4-linking,0.5
TP53,TP53:R248Q,k1_bcl2Exp-linking,1.5
TP53,TP53:L265P,k1_bcl2Exp-linking,1.5
TP53,TP53:I162N,k1_bcl2Exp-linking,1.5
TP53,TP53:C275Y,k1_bcl2Exp-linking,1.5
TP53,TP53:R335_E336insGR,k1_bcl2Exp-linking,1.5
NFKBIA,NFKBIA:Q69*,kmax_IkBaSynth-NFkB,0.5
TP53,TP53:N239D,k1_bcl2Exp-linking,1.5
IRF8,IRF8:R404fs*49,k1_s_IRF4-linking,0.5
NFKBIA,NFKBIA:Q44*,kmax_IkBaSynth-NFkB,0.5
BCL2,BCL2:A131V,k1_bcl2Exp-linking,1.5
TP53,TP53:A276P,k1_bcl2Exp-linking,1.5
TP53,TP53:R273C,k1_bcl2Exp-linking,1.5
TP53,TP53:R248Q,k1_bcl2Exp-linking,1.5
CDKN1B,CDKN1B:W76*,k2_5-cellCycle,0.5
TP53,TP53:R248Q,k1_bcl2Exp-linking,1.5
IRF8,IRF8:V390fs*79,k1_s_IRF4-linking,0.5
TP53,TP53:E258*,k1_bcl2Exp-linking,1.5
TP53,TP53:Y220D,k1_bcl2Exp-linking,1.5
TP53,TP53:V143E,k1_bcl2Exp-linking,1.5
CDKN2A,CDKN2A:V7fs*47,k1_26-cellCycle,0.5
TP53,TP53:E326fs*10,k1_bcl2Exp-linking,1.5
NFKBIA,NFKBIA:Q69*,kmax_IkBaSynth-NFkB,0.5
CDKN2A,CDKN2A:R58*,k1_26-cellCycle,0.5
CDKN1B,CDKN1B:L70fs*1,k2_5-cellCycle,0.5
TP53,TP53:M246V,k1_bcl2Exp-linking,1.5
IRF8,IRF8:N421fs*32,k1_s_IRF4-linking,0.5
NFKBIA,NFKBIA:Q68*,kmax_IkBaSynth-NFkB,0.5
NFKBIA,NFKBIA:A133fs*31,kmax_IkBaSynth-NFkB,0.5
TP53,TP53:V197G,k1_bcl2Exp-linking,1.5
TP53,TP53:R196*,k1_bcl2Exp-linking,1.5
TP53,TP53:N235S,k1_bcl2Exp-linking,1.5
BCL2,BCL2:N172S,k1_bcl2Exp-linking,1.5
CDKN2A,CDKN2A:R58*,k1_26-cellCycle,0.5
RB1,RB1:A17fs*3,k1_26-cellCycle,0.5
IRF8,IRF8:S416*,k1_s_IRF4-linking,0.5
TP53,TP53:R282G,k1_bcl2Exp-linking,1.5
CDKN2A,CDKN2A:Y129*,k1_26-cellCycle,0.5
CDKN2A,CDKN2A:R80*,k1_26-cellCycle,0.5
PAX5,PAX5:M1L,k1_e_pax5-differentiation,0.5
CASP8,CASP8:W479*,k1_76-apoptosis,0.5
CDKN2A,CDKN2A:R80*,k1_26-cellCycle,0.5
IRF8,IRF8:E420*,k1_s_IRF4-linking,0.5
CASP8,CASP8:R127*,k1_76-apoptosis,0.5
TP53,TP53:K132T,k1_bcl2Exp-linking,1.5
BCL2,BCL2:P59S,k1_bcl2Exp-linking,1.5
RB1,RB1:R358*,k1_26-cellCycle,0.5
TP53,TP53:I232S,k1_bcl2Exp-linking,1.5
CASP8,CASP8:R472*,k1_76-apoptosis,0.5
NFKBIA,NFKBIA:E294fs*10,kmax_IkBaSynth-NFkB,0.5
CDKN2A,CDKN2A:W110*,k1_26-cellCycle,0.5
NFKBIA,NFKBIA:E48fs*42,kmax_IkBaSynth-NFkB,0.5
CDKN2A,CDKN2A:R58*,k1_26-cellCycle,0.5
NFKBIA,NFKBIA:Q44*,kmax_IkBaSynth-NFkB,0.5
NFKBIA,NFKBIA:Q111*,kmax_IkBaSynth-NFkB,0.5
IRF8,IRF8:*427fs*27,k1_s_IRF4-linking,0.5
TP53,TP53:G262V,k1_bcl2Exp-linking,1.5
NFKBIA,NFKBIA:Y42*,kmax_IkBaSynth-NFkB,0.5
NFKBIA,NFKBIA:Q50*,kmax_IkBaSynth-NFkB,0.5
IRF8,IRF8:S416*,k1_s_IRF4-linking,0.5
BCL2,BCL2:P59S,k1_bcl2Exp-linking,1.5
TP53,TP53:F134L,k1_bcl2Exp-linking,1.5
TP53,TP53:R273C,k1_bcl2Exp-linking,1.5
TP53,TP53:Q100*,k1_bcl2Exp-linking,1.5
PAX5,PAX5:M1I,k1_e_pax5-differentiation,0.5
BCL2,BCL2:A131V,k1_bcl2Exp-linking,1.5
BCL2,BCL2:P59S,k1_bcl2Exp-linking,1.5
TP53,TP53:*347Q,k1_bcl2Exp-linking,1.5
CDKN2A,CDKN2A:Q58*,k1_26-cellCycle,0.5
TP53,TP53:W91*,k1_bcl2Exp-linking,1.5
CDKN2A,CDKN2A:E2fs*16,k1_26-cellCycle,0.5
CDKN2A,CDKN2A:E10fs*16,k1_26-cellCycle,0.5
TP53,TP53:A159V,k1_bcl2Exp-linking,1.5
IRF8,IRF8:Q422fs*31,k1_s_IRF4-linking,0.5
CDKN2A,CDKN2A:R80*,k1_26-cellCycle,0.5
CDKN1B,CDKN1B:W60*,k2_5-cellCycle,0.5
IRF8,IRF8:E420*,k1_s_IRF4-linking,0.5
BCL2,BCL2:P59L,k1_bcl2Exp-linking,1.5
BCL2,BCL2:P59S,k1_bcl2Exp-linking,1.5
IRF8,IRF8:Q422fs*30,k1_s_IRF4-linking,0.5
CASP8,CASP8:Y137fs*1,k1_76-apoptosis,0.5
TP53,TP53:R213*,k1_bcl2Exp-linking,1.5
IRF8,IRF8:T80A,k1_s_IRF4-linking,0.5
IRF8,IRF8:R404fs*49,k1_s_IRF4-linking,0.5
TP53,TP53:R273C,k1_bcl2Exp-linking,1.5
NFKBIA,NFKBIA:T257fs*33,kmax_IkBaSynth-NFkB,0.5
NFKBIA,NFKBIA:Q68*,kmax_IkBaSynth-NFkB,0.5
TP53,TP53:R273C,k1_bcl2Exp-linking,1.5
RB1,RB1:L206*,k1_26-cellCycle,0.5
TP53,TP53:Y205D,k1_bcl2Exp-linking,1.5
TP53,TP53:C242G,k1_bcl2Exp-linking,1.5
NFKBIA,NFKBIA:I82fs*6,kmax_IkBaSynth-NFkB,0.5
NFKBIA,NFKBIA:Q57*,kmax_IkBaSynth-NFkB,0.5
NFKBIA,NFKBIA:Q107*,kmax_IkBaSynth-NFkB,0.5
TP53,TP53:Y236C,k1_bcl2Exp-linking,1.5
NFKBIA,NFKBIA:Q44*,kmax_IkBaSynth-NFkB,0.5
NFKBIA,NFKBIA:Q68*,kmax_IkBaSynth-NFkB,0.5
TP53,TP53:G245D,k1_bcl2Exp-linking,1.5
BCL2,BCL2:P59A,k1_bcl2Exp-linking,1.5
NFKBIA,NFKBIA:Q111*,kmax_IkBaSynth-NFkB,0.5
TP53,TP53:V197G,k1_bcl2Exp-linking,1.5
NFKBIA,NFKBIA:E43fs*37,kmax_IkBaSynth-NFkB,0.5
TP53,TP53:V203L,k1_bcl2Exp-linking,1.5
BCL2,BCL2:A131D,k1_bcl2Exp-linking,1.5
NFKBIA,NFKBIA:Q50*,kmax_IkBaSynth-NFkB,0.5
NFKBIA,NFKBIA:Q68*,kmax_IkBaSynth-NFkB,0.5
CDKN2A,CDKN2A:W34*,k1_26-cellCycle,0.5
TP53,TP53:R282G,k1_bcl2Exp-linking,1.5
TP53,TP53:L130F,k1_bcl2Exp-linking,1.5
TP53,TP53:F134C,k1_bcl2Exp-linking,1.5
NFKBIA,NFKBIA:W66*,kmax_IkBaSynth-NFkB,0.5
CDKN2A,CDKN2A:R58*,k1_26-cellCycle,0.5
NFKBIA,NFKBIA:H84fs*5,kmax_IkBaSynth-NFkB,0.5
IRF8,IRF8:F403fs*66,k1_s_IRF4-linking,0.5
BCL2,BCL2:A131V,k1_bcl2Exp-linking,1.5
CDKN2A,CDKN2A:R80*,k1_26-cellCycle,0.5
BCL2,BCL2:P59S,k1_bcl2Exp-linking,1.5
NFKBIA,NFKBIA:Q68*,kmax_IkBaSynth-NFkB,0.5
TP53,TP53:A76fs*55,k1_bcl2Exp-linking,1.5
TP53,TP53:R196*,k1_bcl2Exp-linking,1.5
CDKN1B,CDKN1B:R154*,k2_5-cellCycle,0.5
TP53,TP53:S241P,k1_bcl2Exp-linking,1.5
CDKN2A,CDKN2A:D74fs*73,k1_26-cellCycle,0.5
NFKBIA,NFKBIA:Q44*,kmax_IkBaSynth-NFkB,0.5
TP53,TP53:R156P,k1_bcl2Exp-linking,1.5
BCL2,BCL2:P59S,k1_bcl2Exp-linking,1.5
RB1,RB1:R787*,k1_26-cellCycle,0.5
TP53,TP53:R273C,k1_bcl2Exp-linking,1.5
TP53,TP53:Y234fs*13,k1_bcl2Exp-linking,1.5
TP53,TP53:S127F,k1_bcl2Exp-linking,1.5
BCL2,BCL2:A131T,k1_bcl2Exp-linking,1.5
IRF8,IRF8:Q423*,k1_s_IRF4-linking,0.5
TP53,TP53:I255fs*9,k1_bcl2Exp-linking,1.5
BCL2,BCL2:A131V,k1_bcl2Exp-linking,1.5
NFKBIA,NFKBIA:K87*,kmax_IkBaSynth-NFkB,0.5
BCL2,BCL2:P59S,k1_bcl2Exp-linking,1.5
BCL2,BCL2:A131D,k1_bcl2Exp-linking,1.5
TP53,TP53:R282W,k1_bcl2Exp-linking,1.5
RB1,RB1:R579*,k1_26-cellCycle,0.5
TP53,TP53:P152L,k1_bcl2Exp-linking,1.5
TP53,TP53:S240_S241insYNYMCNS,k1_bcl2Exp-linking,1.5
IRF8,IRF8:E420fs*33,k1_s_IRF4-linking,0.5
BCL2,BCL2:P59A,k1_bcl2Exp-linking,1.5
TP53,TP53:R273C,k1_bcl2Exp-linking,1.5
TP53,TP53:P301fs*44,k1_bcl2Exp-linking,1.5
BCL2,BCL2:A131D,k1_bcl2Exp-linking,1.5
CDKN2A,CDKN2A:W110*,k1_26-cellCycle,0.5
CDKN2A,CDKN2A:R58*,k1_26-cellCycle,0.5
PAX5,PAX5:T12fs*74,k1_e_pax5-differentiation,0.5
TP53,TP53:D208V,k1_bcl2Exp-linking,1.5
NFKBIA,NFKBIA:W66*,kmax_IkBaSynth-NFkB,0.5
CDKN2A,CDKN2A:L78fs*42,k1_26-cellCycle,0.5
TP53,TP53:F134S,k1_bcl2Exp-linking,1.5
PAX5,PAX5:Y179*,k1_e_pax5-differentiation,0.5
TP53,TP53:G266V,k1_bcl2Exp-linking,1.5
BCL2,BCL2:P59S,k1_bcl2Exp-linking,1.5
NFKBIA,NFKBIA:E92*,kmax_IkBaSynth-NFkB,0.5
TP53,TP53:S215R,k1_bcl2Exp-linking,1.5
RB1,RB1:Q631*,k1_26-cellCycle,0.5
BCL2,AMP,k1_bcl2Exp-linking,1.5
BCL2,AMP,k1_bcl2Exp-linking,1.5
BCL2,AMP,k1_bcl2Exp-linking,1.5
BCL2,AMP,k1_bcl2Exp-linking,1.5
BCL2,AMP,k1_bcl2Exp-linking,1.5
BCL2,AMP,k1_bcl2Exp-linking,1.5
BCL2,AMP,k1_bcl2Exp-linking,1.5
BCL2,AMP,k1_bcl2Exp-linking,1.5
BCL2,AMP,k1_bcl2Exp-linking,1.5
BCL6,AMP,k1_s_Bcl6-differentiation,1.5
BCL6,AMP,k1_s_Bcl6-differentiation,1.5
CARD11,AMP,k2_scalingNumber-NFkB,1.5
CD79B,AMP,k2_scalingNumber-NFkB,1.5
CD79B,AMP,k2_scalingNumber-NFkB,1.5
CDKN2A,HETLOSS,k2_5-cellCycle,0.5
CDKN2A,HETLOSS,k2_5-cellCycle,0.5
CDKN2A,HETLOSS,k2_5-cellCycle,0.5
CDKN2A,HETLOSS,k2_5-cellCycle,0.5
CDKN2A,HETLOSS,k2_5-cellCycle,0.5
CDKN2A,HETLOSS,k2_5-cellCycle,0.5
CDKN2A,HETLOSS,k2_5-cellCycle,0.5
CDKN2A,HETLOSS,k2_5-cellCycle,0.5
CDKN2A,HETLOSS,k2_5-cellCycle,0.5
CDKN2A,HETLOSS,k2_5-cellCycle,0.5
CDKN2A,HETLOSS,k2_5-cellCycle,0.5
CDKN2A,HETLOSS,k2_5-cellCycle,0.5
CDKN2A,HETLOSS,k2_5-cellCycle,0.5
CDKN2A,HETLOSS,k2_5-cellCycle,0.5
CDKN2A,HETLOSS,k2_5-cellCycle,0.5
CDKN2A,HETLOSS,k2_5-cellCycle,0.5
CDKN2A,HETLOSS,k2_5-cellCycle,0.5
CDKN2A,HETLOSS,k2_5-cellCycle,0.5
CDKN2A,HETLOSS,k2_5-cellCycle,0.5
CDKN2A,HETLOSS,k2_5-cellCycle,0.5
CDKN2A,HETLOSS,k2_5-cellCycle,0.5
CDKN2A,HETLOSS,k2_5-cellCycle,0.5
CDKN2A,HETLOSS,k2_5-cellCycle,0.5
CDKN2A,HETLOSS,k2_5-cellCycle,0.5
CDKN2A,HETLOSS,k2_5-cellCycle,0.5
CDKN2A,HETLOSS,k2_5-cellCycle,0.5
CDKN2A,HETLOSS,k2_5-cellCycle,0.5
CDKN2A,HETLOSS,k2_5-cellCycle,0.5
CDKN2A,HETLOSS,k2_5-cellCycle,0.5
CDKN2A,HETLOSS,k2_5-cellCycle,0.5
CDKN2A,HETLOSS,k2_5-cellCycle,0.5
CDKN2A,HETLOSS,k2_5-cellCycle,0.5
CDKN2A,HETLOSS,k2_5-cellCycle,0.5
CDKN2A,HETLOSS,k2_5-cellCycle,0.5
CDKN2A,HETLOSS,k2_5-cellCycle,0.5
CDKN2A,HETLOSS,k2_5-cellCycle,0.5
CDKN2A,HETLOSS,k2_5-cellCycle,0.5
CDKN2A,HETLOSS,k2_5-cellCycle,0.5
CDKN2A,HETLOSS,k2_5-cellCycle,0.5
CDKN2A,HETLOSS,k2_5-cellCycle,0.5
CDKN2A,HETLOSS,k2_5-cellCycle,0.5
CDKN2A,HETLOSS,k2_5-cellCycle,0.5
CDKN2A,HETLOSS,k2_5-cellCycle,0.5
CDKN2A,HETLOSS,k2_5-cellCycle,0.5
CDKN2A,HETLOSS,k2_5-cellCycle,0.5
CDKN2A,HETLOSS,k2_5-cellCycle,0.5
CDKN2A,HETLOSS,k2_5-cellCycle,0.5
CDKN2A,HETLOSS,k2_5-cellCycle,0.5
CDKN2A,HETLOSS,k2_5-cellCycle,0.5
CDKN2A,HETLOSS,k2_5-cellCycle,0.5
CDKN2A,HETLOSS,k2_5-cellCycle,0.5
CDKN2A,HETLOSS,k2_5-cellCycle,0.5
CDKN2A,HETLOSS,k2_5-cellCycle,0.5
CDKN2A,HETLOSS,k2_5-cellCycle,0.5
CDKN2A,HETLOSS,k2_5-cellCycle,0.5
CDKN2A,HETLOSS,k2_5-cellCycle,0.5
CDKN2A,HETLOSS,k2_5-cellCycle,0.5
CDKN2A,HETLOSS,k2_5-cellCycle,0.5
CDKN2A,HETLOSS,k2_5-cellCycle,0.5
CDKN2A,HETLOSS,k2_5-cellCycle,0.5
CDKN2A,HETLOSS,k2_5-cellCycle,0.5
CDKN2A,HETLOSS,k2_5-cellCycle,0.5
CDKN2A,HETLOSS,k2_5-cellCycle,0.5
CDKN2A,HETLOSS,k2_5-cellCycle,0.5
CDKN2A,HETLOSS,k2_5-cellCycle,0.5
CDKN2A,HETLOSS,k2_5-cellCycle,0.5
CDKN2A,HETLOSS,k2_5-cellCycle,0.5
CDKN2A,HETLOSS,k2_5-cellCycle,0.5
CDKN2A,HETLOSS,k2_5-cellCycle,0.5
CDKN2A,HETLOSS,k2_5-cellCycle,0.5
CDKN2A,HETLOSS,k2_5-cellCycle,0.5
CDKN2A,HETLOSS,k2_5-cellCycle,0.5
CDKN2A,HETLOSS,k2_5-cellCycle,0.5
CDKN2A,HETLOSS,k2_5-cellCycle,0.5
CDKN2A,HETLOSS,k2_5-cellCycle,0.5
CDKN2A,HETLOSS,k2_5-cellCycle,0.5
CDKN2A,HETLOSS,k2_5-cellCycle,0.5
CDKN2A,HETLOSS,k2_5-cellCycle,0.5
CDKN2A,HETLOSS,k2_5-cellCycle,0.5
CDKN2A,HETLOSS,k2_5-cellCycle,0.5
CDKN2A,HETLOSS,k2_5-cellCycle,0.5
CDKN2A,HETLOSS,k2_5-cellCycle,0.5
CDKN2A,HETLOSS,k2_5-cellCycle,0.5
CDKN2A,HETLOSS,k2_5-cellCycle,0.5
CDKN2A,HETLOSS,k2_5-cellCycle,0.5
CDKN2A,HETLOSS,k2_5-cellCycle,0.5
CDKN2A,HETLOSS,k2_5-cellCycle,0.5
CDKN2A,HETLOSS,k2_5-cellCycle,0.5
CDKN2A,HETLOSS,k2_5-cellCycle,0.5
CDKN2A,HETLOSS,k2_5-cellCycle,0.5
CDKN2A,HETLOSS,k2_5-cellCycle,0.5
CDKN2A,HETLOSS,k2_5-cellCycle,0.5
CDKN2A,HETLOSS,k2_5-cellCycle,0.5
CDKN2A,HETLOSS,k2_5-cellCycle,0.5
CDKN2A,HETLOSS,k2_5-cellCycle,0.5
CDKN2A,HETLOSS,k2_5-cellCycle,0.5
CDKN2A,HETLOSS,k2_5-cellCycle,0.5
CDKN2A,HETLOSS,k2_5-cellCycle,0.5
CDKN2A,HETLOSS,k2_5-cellCycle,0.5
CDKN2A,HETLOSS,k2_5-cellCycle,0.5
CDKN2A,HETLOSS,k2_5-cellCycle,0.5
CDKN2A,HETLOSS,k2_5-cellCycle,0.5
CDKN2A,HETLOSS,k2_5-cellCycle,0.5
CDKN2A,HETLOSS,k2_5-cellCycle,0.5
CDKN2A,HETLOSS,k2_5-cellCycle,0.5
CDKN2A,HETLOSS,k2_5-cellCycle,0.5
CDKN2A,HETLOSS,k2_5-cellCycle,0.5
CDKN2A,HETLOSS,k2_5-cellCycle,0.5
CDKN2A,HETLOSS,k2_5-cellCycle,0.5
CDKN2A,HETLOSS,k2_5-cellCycle,0.5
IRF8,AMP,k1_s_IRF4-linking,1.5
IRF8,AMP,k1_s_IRF4-linking,1.5
IRF8,AMP,k1_s_IRF4-linking,1.5
IRF8,AMP,k1_s_IRF4-linking,1.5
IRF8,AMP,k1_s_IRF4-linking,1.5
MYC,AMP,k1_mycExp-linking,1.5
MYC,AMP,k1_mycExp-linking,1.5
MYC,AMP,k1_mycExp-linking,1.5
MYC,AMP,k1_mycExp-linking,1.5
MYC,AMP,k1_mycExp-linking,1.5
MYC,AMP,k1_mycExp-linking,1.5
NFKBIA,HETLOSS,kmax_IkBaSynth-NFkB,0.5
NFKBIA,HETLOSS,kmax_IkBaSynth-NFkB,0.5
PIM1,AMP,k2_scalingNumber-NFkB,1.5
PIM1,AMP,k2_scalingNumber-NFkB,1.5
PIM1,AMP,k2_scalingNumber-NFkB,1.5
PRDM1,HETLOSS,k1_s_Blimp1-differentiation,0.5
PRDM1,HETLOSS,k1_s_Blimp1-differentiation,0.5
PRDM1,HETLOSS,k1_s_Blimp1-differentiation,0.5
PRDM1,HETLOSS,k1_s_Blimp1-differentiation,0.5
PRDM1,HETLOSS,k1_s_Blimp1-differentiation,0.5
PRDM1,HETLOSS,k1_s_Blimp1-differentiation,0.5
PRDM1,HETLOSS,k1_s_Blimp1-differentiation,0.5
PRDM1,HETLOSS,k1_s_Blimp1-differentiation,0.5
PRDM1,HETLOSS,k1_s_Blimp1-differentiation,0.5
PRDM1,HETLOSS,k1_s_Blimp1-differentiation,0.5
PRDM1,HETLOSS,k1_s_Blimp1-differentiation,0.5
PRDM1,HETLOSS,k1_s_Blimp1-differentiation,0.5
PRDM1,HETLOSS,k1_s_Blimp1-differentiation,0.5
RB1,HETLOSS,k1_19-cellCycle,0.5
RB1,HETLOSS,k1_19-cellCycle,0.5
RB1,HETLOSS,k1_19-cellCycle,0.5
RB1,HETLOSS,k1_19-cellCycle,0.5
RB1,HETLOSS,k1_19-cellCycle,0.5
RB1,HETLOSS,k1_19-cellCycle,0.5
RB1,HETLOSS,k1_19-cellCycle,0.5
TNFAIP3,HETLOSS,k2_scalingNumber-NFkB,1.5
TNFAIP3,HETLOSS,k2_scalingNumber-NFkB,1.5
TNFAIP3,HETLOSS,k2_scalingNumber-NFkB,1.5
TNFAIP3,HETLOSS,k2_scalingNumber-NFkB,1.5
TNFAIP3,HETLOSS,k2_scalingNumber-NFkB,1.5
TNFAIP3,HETLOSS,k2_scalingNumber-NFkB,1.5
TNFAIP3,HETLOSS,k2_scalingNumber-NFkB,1.5
TNFAIP3,HETLOSS,k2_scalingNumber-NFkB,1.5
TNFAIP3,HETLOSS,k2_scalingNumber-NFkB,1.5
TNFAIP3,HETLOSS,k2_scalingNumber-NFkB,1.5
TNFAIP3,HETLOSS,k2_scalingNumber-NFkB,1.5
TNFAIP3,HETLOSS,k2_scalingNumber-NFkB,1.5
TNFAIP3,HETLOSS,k2_scalingNumber-NFkB,1.5
TNFAIP3,HETLOSS,k2_scalingNumber-NFkB,1.5
TNFAIP3,HETLOSS,k2_scalingNumber-NFkB,1.5
TNFAIP3,HETLOSS,k2_scalingNumber-NFkB,1.5
TNFAIP3,HETLOSS,k2_scalingNumber-NFkB,1.5
TP53,HETLOSS,k1_bcl2Exp-linking,0.5
TP53,HETLOSS,k1_bcl2Exp-linking,0.5
BCL10,AMP,k2_scalingNumber-NFkB,1.5
BCL2,AMP,k1_bcl2Exp-linking,1.5
BCL2,AMP,k1_bcl2Exp-linking,1.5
BCL2,AMP,k1_bcl2Exp-linking,1.5
BCL2,AMP,k1_bcl2Exp-linking,1.5
BCL2,AMP,k1_bcl2Exp-linking,1.5
BCL2,AMP,k1_bcl2Exp-linking,1.5
BCL2,AMP,k1_bcl2Exp-linking,1.5
BCL2,AMP,k1_bcl2Exp-linking,1.5
BCL2,AMP,k1_bcl2Exp-linking,1.5
BCL2,AMP,k1_bcl2Exp-linking,1.5
BCL2,AMP,k1_bcl2Exp-linking,1.5
BCL2,AMP,k1_bcl2Exp-linking,1.5
BCL2,AMP,k1_bcl2Exp-linking,1.5
BCL2,AMP,k1_bcl2Exp-linking,1.5
BCL2,AMP,k1_bcl2Exp-linking,1.5
BCL2,AMP,k1_bcl2Exp-linking,1.5
BCL2,AMP,k1_bcl2Exp-linking,1.5
BCL2,AMP,k1_bcl2Exp-linking,1.5
BCL2,AMP,k1_bcl2Exp-linking,1.5
BCL2,AMP,k1_bcl2Exp-linking,1.5
BCL2,AMP,k1_bcl2Exp-linking,1.5
BCL2,AMP,k1_bcl2Exp-linking,1.5
BCL2,AMP,k1_bcl2Exp-linking,1.5
BCL2,AMP,k1_bcl2Exp-linking,1.5
BCL2,AMP,k1_bcl2Exp-linking,1.5
BCL2,AMP,k1_bcl2Exp-linking,1.5
CARD11,AMP,k2_scalingNumber-NFkB,1.5
CARD11,AMP,k2_scalingNumber-NFkB,1.5
CARD11,AMP,k2_scalingNumber-NFkB,1.5
CARD11,AMP,k2_scalingNumber-NFkB,1.5
CARD11,AMP,k2_scalingNumber-NFkB,1.5
CARD11,AMP,k2_scalingNumber-NFkB,1.5
CARD11,AMP,k2_scalingNumber-NFkB,1.5
CASP8,AMP,k2_scalingNumber-NFkB,1.5
CD79B,AMP,k2_scalingNumber-NFkB,1.5
CD79B,AMP,k2_scalingNumber-NFkB,1.5
CD79B,AMP,k2_scalingNumber-NFkB,1.5
CDKN1B,AMP,k2_5-cellCycle,1.5
CDKN1B,AMP,k2_5-cellCycle,1.5
CDKN1B,AMP,k2_5-cellCycle,1.5
IRF8,AMP,k1_s_IRF4-linking,1.5
IRF8,AMP,k1_s_IRF4-linking,1.5
IRF8,AMP,k1_s_IRF4-linking,1.5
IRF8,AMP,k1_s_IRF4-linking,1.5
MYC,AMP,k1_mycExp-linking,1.5
MYC,AMP,k1_mycExp-linking,1.5
MYC,AMP,k1_mycExp-linking,1.5
MYC,AMP,k1_mycExp-linking,1.5
MYC,AMP,k1_mycExp-linking,1.5
MYC,AMP,k1_mycExp-linking,1.5
MYC,AMP,k1_mycExp-linking,1.5
MYC,AMP,k1_mycExp-linking,1.5
MYC,AMP,k1_mycExp-linking,1.5
MYC,AMP,k1_mycExp-linking,1.5
MYC,AMP,k1_mycExp-linking,1.5
MYC,AMP,k1_mycExp-linking,1.5
MYC,AMP,k1_mycExp-linking,1.5
PAX5,AMP,k1_e_pax5-differentiation,1.5
PAX5,AMP,k1_e_pax5-differentiation,1.5
PAX5,AMP,k1_e_pax5-differentiation,1.5
PAX5,AMP,k1_e_pax5-differentiation,1.5
PAX5,AMP,k1_e_pax5-differentiation,1.5
PAX5,AMP,k1_e_pax5-differentiation,1.5
PAX5,AMP,k1_e_pax5-differentiation,1.5
PIM1,AMP,k2_scalingNumber-NFkB,1.5
PIM1,AMP,k2_scalingNumber-NFkB,1.5
PIM1,AMP,k2_scalingNumber-NFkB,1.5
PIM1,AMP,k2_scalingNumber-NFkB,1.5
PIM1,AMP,k2_scalingNumber-NFkB,1.5
RB1,AMP,k1_26-cellCycle,1.5
CARD11,Deletion within transcript : mid-exon,k2_scalingNumber-NFkB,1.5
TNFAIP3,Deletion within transcript : mid-exon,k2_scalingNumber-NFkB,1.5
BCL2,G33R,k1_bcl2Exp-linking,1.5
CARD11,L251P,k2_scalingNumber-NFkB,1.5
CARD11,L251P,k2_scalingNumber-NFkB,1.5
CD79B,Y197H,k2_scalingNumber-NFkB,1.5
CD79B,E198G,k2_scalingNumber-NFkB,1.5
CD79B,Y197H,k2_scalingNumber-NFkB,1.5
CD79B,Y197H,k2_scalingNumber-NFkB,1.5
CD79B,Y197C,k2_scalingNumber-NFkB,1.5
CD79B,Y197C,k2_scalingNumber-NFkB,1.5
CD79B,Y197F,k2_scalingNumber-NFkB,1.5
CD79B,Y197H,k2_scalingNumber-NFkB,1.5
CD79B,Y197C,k2_scalingNumber-NFkB,1.5
CD79B,Y197H,k2_scalingNumber-NFkB,1.5
CD79B,Y197F,k2_scalingNumber-NFkB,1.5
CD79B,Y197H,k2_scalingNumber-NFkB,1.5
CD79B,Y197F,k2_scalingNumber-NFkB,1.5
CD79B,Y197C,k2_scalingNumber-NFkB,1.5
CD79B,Y197C,k2_scalingNumber-NFkB,1.5
CD79B,Y197H,k2_scalingNumber-NFkB,1.5
CD79B,Y197C,k2_scalingNumber-NFkB,1.5
CD79B,Y197H,k2_scalingNumber-NFkB,1.5
CD79B,Y197H,k2_scalingNumber-NFkB,1.5
MYC,T73A,k1_mycExp-linking,1.5
BCL10,HETLOSS,k2_scalingNumber-NFkB,1.5
BCL10,HETLOSS,k2_scalingNumber-NFkB,1.5
BCL2,HETLOSS,k2_scalingNumber-NFkB,1.5
BCL2,HETLOSS,k2_scalingNumber-NFkB,1.5
BCL2,HETLOSS,k2_scalingNumber-NFkB,1.5
CARD11,HETLOSS,k2_scalingNumber-NFkB,1.5
CDKN1B,HETLOSS,k2_5-cellCycle,0.5
CDKN1B,HETLOSS,k2_5-cellCycle,0.5
CDKN1B,HETLOSS,k2_5-cellCycle,0.5
CDKN1B,HETLOSS,k2_5-cellCycle,0.5
CDKN1B,HETLOSS,k2_5-cellCycle,0.5
CDKN2A,HETLOSS,k1_26-cellCycle,0.5
CDKN2A,HETLOSS,k1_26-cellCycle,0.5
CDKN2A,HETLOSS,k1_26-cellCycle,0.5
CDKN2A,HETLOSS,k1_26-cellCycle,0.5
CDKN2A,HETLOSS,k1_26-cellCycle,0.5
CDKN2A,HETLOSS,k1_26-cellCycle,0.5
CDKN2A,HETLOSS,k1_26-cellCycle,0.5
CDKN2A,HETLOSS,k1_26-cellCycle,0.5
CDKN2A,HETLOSS,k1_26-cellCycle,0.5
CDKN2A,HETLOSS,k1_26-cellCycle,0.5
CDKN2A,HETLOSS,k1_26-cellCycle,0.5
CDKN2A,HETLOSS,k1_26-cellCycle,0.5
CDKN2A,HETLOSS,k1_26-cellCycle,0.5
CDKN2A,HETLOSS,k1_26-cellCycle,0.5
CDKN2A,HETLOSS,k1_26-cellCycle,0.5
CDKN2A,HETLOSS,k1_26-cellCycle,0.5
CDKN2A,HETLOSS,k1_26-cellCycle,0.5
CDKN2A,HETLOSS,k1_26-cellCycle,0.5
CDKN2A,HETLOSS,k1_26-cellCycle,0.5
CDKN2A,HETLOSS,k1_26-cellCycle,0.5
CDKN2A,HETLOSS,k1_26-cellCycle,0.5
CDKN2A,HETLOSS,k1_26-cellCycle,0.5
CDKN2A,HETLOSS,k1_26-cellCycle,0.5
CDKN2A,HETLOSS,k1_26-cellCycle,0.5
CDKN2A,HETLOSS,k1_26-cellCycle,0.5
CDKN2A,HETLOSS,k1_26-cellCycle,0.5
CDKN2A,HETLOSS,k1_26-cellCycle,0.5
CDKN2A,HETLOSS,k1_26-cellCycle,0.5
CDKN2A,HETLOSS,k1_26-cellCycle,0.5
CDKN2A,HETLOSS,k1_26-cellCycle,0.5
CDKN2A,HETLOSS,k1_26-cellCycle,0.5
CDKN2A,HETLOSS,k1_26-cellCycle,0.5
CDKN2A,HETLOSS,k1_26-cellCycle,0.5
CDKN2A,HETLOSS,k1_26-cellCycle,0.5
CDKN2A,HETLOSS,k1_26-cellCycle,0.5
CDKN2A,HETLOSS,k1_26-cellCycle,0.5
CDKN2A,HETLOSS,k1_26-cellCycle,0.5
CDKN2A,HETLOSS,k1_26-cellCycle,0.5
CDKN2A,HETLOSS,k1_26-cellCycle,0.5
CDKN2A,HETLOSS,k1_26-cellCycle,0.5
CDKN2A,HETLOSS,k1_26-cellCycle,0.5
CDKN2A,HETLOSS,k1_26-cellCycle,0.5
CDKN2A,HETLOSS,k1_26-cellCycle,0.5
CDKN2A,HETLOSS,k1_26-cellCycle,0.5
CDKN2A,HETLOSS,k1_26-cellCycle,0.5
CDKN2A,HETLOSS,k1_26-cellCycle,0.5
CDKN2A,HETLOSS,k1_26-cellCycle,0.5
CDKN2A,HETLOSS,k1_26-cellCycle,0.5
CDKN2A,HETLOSS,k1_26-cellCycle,0.5
CDKN2A,HETLOSS,k1_26-cellCycle,0.5
CDKN2A,HETLOSS,k1_26-cellCycle,0.5
CDKN2A,HETLOSS,k1_26-cellCycle,0.5
CDKN2A,HETLOSS,k1_26-cellCycle,0.5
CDKN2A,HETLOSS,k1_26-cellCycle,0.5
CDKN2A,HETLOSS,k1_26-cellCycle,0.5
CDKN2A,HETLOSS,k1_26-cellCycle,0.5
CDKN2A,HETLOSS,k1_26-cellCycle,0.5
CDKN2A,HETLOSS,k1_26-cellCycle,0.5
CDKN2A,HETLOSS,k1_26-cellCycle,0.5
CDKN2A,HETLOSS,k1_26-cellCycle,0.5
CDKN2A,HETLOSS,k1_26-cellCycle,0.5
CDKN2A,HETLOSS,k1_26-cellCycle,0.5
CDKN2A,HETLOSS,k1_26-cellCycle,0.5
CDKN2A,HETLOSS,k1_26-cellCycle,0.5
CDKN2A,HETLOSS,k1_26-cellCycle,0.5
CDKN2A,HETLOSS,k1_26-cellCycle,0.5
CDKN2A,HETLOSS,k1_26-cellCycle,0.5
CDKN2A,HETLOSS,k1_26-cellCycle,0.5
CDKN2A,HETLOSS,k1_26-cellCycle,0.5
CDKN2A,HETLOSS,k1_26-cellCycle,0.5
CDKN2A,HETLOSS,k1_26-cellCycle,0.5
CDKN2A,HETLOSS,k1_26-cellCycle,0.5
CDKN2A,HETLOSS,k1_26-cellCycle,0.5
CDKN2A,HETLOSS,k1_26-cellCycle,0.5
CDKN2A,HETLOSS,k1_26-cellCycle,0.5
CDKN2A,HETLOSS,k1_26-cellCycle,0.5
CDKN2A,HETLOSS,k1_26-cellCycle,0.5
CDKN2A,HETLOSS,k1_26-cellCycle,0.5
CDKN2A,HETLOSS,k1_26-cellCycle,0.5
CDKN2A,HETLOSS,k1_26-cellCycle,0.5
CDKN2A,HETLOSS,k1_26-cellCycle,0.5
CDKN2A,HETLOSS,k1_26-cellCycle,0.5
CDKN2A,HETLOSS,k1_26-cellCycle,0.5
CDKN2A,HETLOSS,k1_26-cellCycle,0.5
CDKN2A,HETLOSS,k1_26-cellCycle,0.5
CDKN2A,HETLOSS,k1_26-cellCycle,0.5
PAX5,HETLOSS,k1_e_pax5-differentiation,0.5
PAX5,HETLOSS,k1_e_pax5-differentiation,0.5
PAX5,HETLOSS,k1_e_pax5-differentiation,0.5
PAX5,HETLOSS,k1_e_pax5-differentiation,0.5
PAX5,HETLOSS,k1_e_pax5-differentiation,0.5
PAX5,HETLOSS,k1_e_pax5-differentiation,0.5
PAX5,HETLOSS,k1_e_pax5-differentiation,0.5
PRDM1,HETLOSS,k1_s_Blimp1,0.5
PRDM1,HETLOSS,k1_s_Blimp1,0.5
PRDM1,HETLOSS,k1_s_Blimp1,0.5
PRDM1,HETLOSS,k1_s_Blimp1,0.5
PRDM1,HETLOSS,k1_s_Blimp1,0.5
PRDM1,HETLOSS,k1_s_Blimp1,0.5
PRDM1,HETLOSS,k1_s_Blimp1,0.5
PRDM1,HETLOSS,k1_s_Blimp1,0.5
PRDM1,HETLOSS,k1_s_Blimp1,0.5
PRDM1,HETLOSS,k1_s_Blimp1,0.5
PRDM1,HETLOSS,k1_s_Blimp1,0.5
RB1,HETLOSS,k1_26-cellCycle,0.5
RB1,HETLOSS,k1_26-cellCycle,0.5
RB1,HETLOSS,k1_26-cellCycle,0.5
RB1,HETLOSS,k1_26-cellCycle,0.5
RB1,HETLOSS,k1_26-cellCycle,0.5
RB1,HETLOSS,k1_26-cellCycle,0.5
RB1,HETLOSS,k1_26-cellCycle,0.5
RB1,HETLOSS,k1_26-cellCycle,0.5
RB1,HETLOSS,k1_26-cellCycle,0.5
RB1,HETLOSS,k1_26-cellCycle,0.5
TNFAIP3,HETLOSS,k2_scalingNumber-NFkB,1.5
TNFAIP3,HETLOSS,k2_scalingNumber-NFkB,1.5
TNFAIP3,HETLOSS,k2_scalingNumber-NFkB,1.5
TNFAIP3,HETLOSS,k2_scalingNumber-NFkB,1.5
TNFAIP3,HETLOSS,k2_scalingNumber-NFkB,1.5
TNFAIP3,HETLOSS,k2_scalingNumber-NFkB,1.5
TNFAIP3,HETLOSS,k2_scalingNumber-NFkB,1.5
TNFAIP3,HETLOSS,k2_scalingNumber-NFkB,1.5
TNFAIP3,HETLOSS,k2_scalingNumber-NFkB,1.5
TNFAIP3,HETLOSS,k2_scalingNumber-NFkB,1.5
TNFAIP3,HETLOSS,k2_scalingNumber-NFkB,1.5
TNFAIP3,HETLOSS,k2_scalingNumber-NFkB,1.5
TNFAIP3,HETLOSS,k2_scalingNumber-NFkB,1.5
TNFAIP3,HETLOSS,k2_scalingNumber-NFkB,1.5
TNFAIP3,HETLOSS,k2_scalingNumber-NFkB,1.5
TNFAIP3,HETLOSS,k2_scalingNumber-NFkB,1.5
TNFAIP3,HETLOSS,k2_scalingNumber-NFkB,1.5
TNFAIP3,HETLOSS,k2_scalingNumber-NFkB,1.5
TNFRSF14,HETLOSS,k2_scalingNumber-NFkB,1.5
TNFRSF14,HETLOSS,k2_scalingNumber-NFkB,1.5
TNFRSF14,HETLOSS,k2_scalingNumber-NFkB,1.5
TNFRSF14,HETLOSS,k2_scalingNumber-NFkB,1.5
TNFRSF14,HETLOSS,k2_scalingNumber-NFkB,1.5
TNFRSF14,HETLOSS,k2_scalingNumber-NFkB,1.5
TNFRSF14,HETLOSS,k2_scalingNumber-NFkB,1.5
TNFRSF14,HETLOSS,k2_scalingNumber-NFkB,1.5
TNFRSF14,HETLOSS,k2_scalingNumber-NFkB,1.5
TNFRSF14,HETLOSS,k2_scalingNumber-NFkB,1.5
TNFRSF14,HETLOSS,k2_scalingNumber-NFkB,1.5
TNFRSF14,HETLOSS,k2_scalingNumber-NFkB,1.5
TNFRSF14,HETLOSS,k2_scalingNumber-NFkB,1.5
TNFRSF14,HETLOSS,k2_scalingNumber-NFkB,1.5
TNFRSF14,HETLOSS,k2_scalingNumber-NFkB,1.5
TNFRSF14,HETLOSS,k2_scalingNumber-NFkB,1.5
TNFRSF14,HETLOSS,k2_scalingNumber-NFkB,1.5
TNFRSF14,HETLOSS,k2_scalingNumber-NFkB,1.5
TNFRSF14,HETLOSS,k2_scalingNumber-NFkB,1.5
TNFRSF14,HETLOSS,k2_scalingNumber-NFkB,1.5
TNFRSF14,HETLOSS,k2_scalingNumber-NFkB,1.5
TNFRSF14,HETLOSS,k2_scalingNumber-NFkB,1.5
TNFRSF14,HETLOSS,k2_scalingNumber-NFkB,1.5
TNFRSF14,HETLOSS,k2_scalingNumber-NFkB,1.5
TNFRSF14,HETLOSS,k2_scalingNumber-NFkB,1.5
TNFRSF14,HETLOSS,k2_scalingNumber-NFkB,1.5
TNFRSF14,HETLOSS,k2_scalingNumber-NFkB,1.5
TP53,HETLOSS,k1_bcl2Exp-linking,1.5
TP53,HETLOSS,k1_bcl2Exp-linking,1.5
TP53,HETLOSS,k1_bcl2Exp-linking,1.5
TP53,HETLOSS,k1_bcl2Exp-linking,1.5
TP53,HETLOSS,k1_bcl2Exp-linking,1.5
TP53,HETLOSS,k1_bcl2Exp-linking,1.5
TP53,HETLOSS,k1_bcl2Exp-linking,1.5
TP53,HETLOSS,k1_bcl2Exp-linking,1.5
TP53,HETLOSS,k1_bcl2Exp-linking,1.5
TP53,HETLOSS,k1_bcl2Exp-linking,1.5
TP53,HETLOSS,k1_bcl2Exp-linking,1.5
TP53,HETLOSS,k1_bcl2Exp-linking,1.5
TP53,HETLOSS,k1_bcl2Exp-linking,1.5
TP53,HETLOSS,k1_bcl2Exp-linking,1.5
BCL2,G33A,k1_bcl2Exp-linking,1.5
BCL2,A131V,k1_bcl2Exp-linking,1.5
BCL2,P59S,k1_bcl2Exp-linking,1.5
BCL2,A131V,k1_bcl2Exp-linking,1.5
BCL2,A131V,k1_bcl2Exp-linking,1.5
BCL2,P59S,k1_bcl2Exp-linking,1.5
BCL2,A131T,k1_bcl2Exp-linking,1.5
BCL2,A131G,k1_bcl2Exp-linking,1.5
BCL2,A131D,k1_bcl2Exp-linking,1.5
BCL2,P59A,k1_bcl2Exp-linking,1.5
BCL2,N172S,k1_bcl2Exp-linking,1.5
BCL2,P59T,k1_bcl2Exp-linking,1.5
BCL2,P59A,k1_bcl2Exp-linking,1.5
BCL2,P59L,k1_bcl2Exp-linking,1.5
BCL2,A131V,k1_bcl2Exp-linking,1.5
BCL2,P59S,k1_bcl2Exp-linking,1.5
BCL2,P59A,k1_bcl2Exp-linking,1.5
CARD11,D230N,k2_scalingNumber-NFkB,1.5
CARD11,D230N,k2_scalingNumber-NFkB,1.5
CARD11,D230N,k2_scalingNumber-NFkB,1.5
CARD11,D401N,k2_scalingNumber-NFkB,1.5
CARD11,K215N,k2_scalingNumber-NFkB,1.5
CARD11,G123C,k2_scalingNumber-NFkB,1.5
CARD11,K215Q,k2_scalingNumber-NFkB,1.5
CARD11,D230N,k2_scalingNumber-NFkB,1.5
CARD11,F130I,k2_scalingNumber-NFkB,1.5
CARD11,D401N,k2_scalingNumber-NFkB,1.5
CARD11,D401N,k2_scalingNumber-NFkB,1.5
CARD11,E93Q,k2_scalingNumber-NFkB,1.5
CARD11,F115I,k2_scalingNumber-NFkB,1.5
CARD11,G123D,k2_scalingNumber-NFkB,1.5
CARD11,G123C,k2_scalingNumber-NFkB,1.5
CARD11,G123S,k2_scalingNumber-NFkB,1.5
CARD11,G123S,k2_scalingNumber-NFkB,1.5
CARD11,D401V,k2_scalingNumber-NFkB,1.5
CARD11,F115I,k2_scalingNumber-NFkB,1.5
CARD11,G123S,k2_scalingNumber-NFkB,1.5
CARD11,D230N,k2_scalingNumber-NFkB,1.5
CARD11,D401N,k2_scalingNumber-NFkB,1.5
CARD11,D401V,k2_scalingNumber-NFkB,1.5
CARD11,F130I,k2_scalingNumber-NFkB,1.5
CD79B,Y197N,k2_scalingNumber-NFkB,1.5
CD79B,Y197N,k2_scalingNumber-NFkB,1.5
CD79B,Y197S,k2_scalingNumber-NFkB,1.5
CD79B,Y197S,k2_scalingNumber-NFkB,1.5
CD79B,Y197S,k2_scalingNumber-NFkB,1.5
CD79B,Y197N,k2_scalingNumber-NFkB,1.5
CD79B,Y197D,k2_scalingNumber-NFkB,1.5
CD79B,Y197S,k2_scalingNumber-NFkB,1.5
MYC,T73I,k1_mycExp-linking,1.5
MYC,P74A,k1_mycExp-linking,1.5
MYC,P74Q,k1_mycExp-linking,1.5
PIM1,L2V,k2_scalingNumber-NFkB,1.5
PIM1,S97R,k2_scalingNumber-NFkB,1.5
PIM1,L2F,k2_scalingNumber-NFkB,1.5
PIM1,S97R,k2_scalingNumber-NFkB,1.5
PIM1,S97N,k2_scalingNumber-NFkB,1.5
PIM1,L2F,k2_scalingNumber-NFkB,1.5
PIM1,S97N,k2_scalingNumber-NFkB,1.5
PIM1,H68Y,k2_scalingNumber-NFkB,1.5
PIM1,H68Y,k2_scalingNumber-NFkB,1.5
PIM1,S97N,k2_scalingNumber-NFkB,1.5
PIM1,L2F,k2_scalingNumber-NFkB,1.5
PIM1,S97N,k2_scalingNumber-NFkB,1.5
PIM1,S97T,k2_scalingNumber-NFkB,1.5
PIM1,S97T,k2_scalingNumber-NFkB,1.5
PIM1,S97N,k2_scalingNumber-NFkB,1.5
PIM1,S97R,k2_scalingNumber-NFkB,1.5
PIM1,S97I,k2_scalingNumber-NFkB,1.5
PIM1,S97N,k2_scalingNumber-NFkB,1.5
PIM1,L2F,k2_scalingNumber-NFkB,1.5
PIM1,L2F,k2_scalingNumber-NFkB,1.5
PIM1,L2F,k2_scalingNumber-NFkB,1.5
PIM1,L2F,k2_scalingNumber-NFkB,1.5
PIM1,H68Y,k2_scalingNumber-NFkB,1.5
PIM1,S97N,k2_scalingNumber-NFkB,1.5
PIM1,L2V,k2_scalingNumber-NFkB,1.5
PIM1,S97R,k2_scalingNumber-NFkB,1.5
PIM1,L2F,k2_scalingNumber-NFkB,1.5
PIM1,S97T,k2_scalingNumber-NFkB,1.5
PIM1,S97N,k2_scalingNumber-NFkB,1.5
PIM1,S97T,k2_scalingNumber-NFkB,1.5
BCL10,R135*,k2_scalingNumber-NFkB,1.5
BCL10,L172*,k2_scalingNumber-NFkB,1.5
BCL10,*175*,k2_scalingNumber-NFkB,1.5
BCL10,L174*,k2_scalingNumber-NFkB,1.5
BCL10,L225*,k2_scalingNumber-NFkB,1.5
BCL10,L174*,k2_scalingNumber-NFkB,1.5
BCL10,S141*,k2_scalingNumber-NFkB,1.5
BCL10,S167Ffs*3,k2_scalingNumber-NFkB,1.5
BCL10,S167Ffs*3,k2_scalingNumber-NFkB,1.5
BCL10,E210*,k2_scalingNumber-NFkB,1.5
BCL10,E159*,k2_scalingNumber-NFkB,1.5
BCL10,S167Ffs*3,k2_scalingNumber-NFkB,1.5
BCL10,Q208*,k2_scalingNumber-NFkB,1.5
BCL10,S141*,k2_scalingNumber-NFkB,1.5
BCL10,S167Ffs*3,k2_scalingNumber-NFkB,1.5
BCL10,G213*,k2_scalingNumber-NFkB,1.5
BCL10,L177*,k2_scalingNumber-NFkB,1.5
BCL10,S141*,k2_scalingNumber-NFkB,1.5
CASP8,R127*,k1_76-apoptosis,0.5
CASP8,Q105*,k1_76-apoptosis,0.5
CASP8,R127*,k1_76-apoptosis,0.5
CASP8,Q486*,k1_76-apoptosis,0.5
CASP8,I416Yfs*8,k1_76-apoptosis,0.5
CASP8,R127*,k1_76-apoptosis,0.5
CDKN1B,W76*,k2_5-cellCycle,0.5
CDKN1B,S175*,k2_5-cellCycle,0.5
CDKN2A,R80*,k1_26-cellCycle,0.5
CDKN2A,R80*,k1_26-cellCycle,0.5
CDKN2A,R80*,k1_26-cellCycle,0.5
CDKN2A,R45Sfs*56,k1_26-cellCycle,0.5
CDKN2A,X51_splice,k1_26-cellCycle,0.5
CDKN2A,X51_splice,k1_26-cellCycle,0.5
CDKN2A,R80*,k1_26-cellCycle,0.5
CDKN2A,R80*,k1_26-cellCycle,0.5
CDKN2A,R58*,k1_26-cellCycle,0.5
CDKN2A,V59Afs*58,k1_26-cellCycle,0.5
CDKN2A,A36Gfs*8,k1_26-cellCycle,0.5
CDKN2A,R58*,k1_26-cellCycle,0.5
CDKN2A,R80*,k1_26-cellCycle,0.5
CDKN2A,R80*,k1_26-cellCycle,0.5
CDKN2A,Q99Rfs*3,k1_26-cellCycle,0.5
CDKN2A,E74*,k1_26-cellCycle,0.5
CDKN2A,X106_splice,k1_26-cellCycle,0.5
CDKN2A,R80*,k1_26-cellCycle,0.5
CDKN2A,R80*,k1_26-cellCycle,0.5
CDKN2A,R80*,k1_26-cellCycle,0.5
IRF8,V390Dfs*79,k1_s_IRF4-linking,0.5
IRF8,Q423*,k1_s_IRF4-linking,0.5
IRF8,T80A,k1_s_IRF4-linking,0.5
IRF8,S416*,k1_s_IRF4-linking,0.5
IRF8,R419*,k1_s_IRF4-linking,0.5
IRF8,T425Pfs*28,k1_s_IRF4-linking,0.5
IRF8,C385*,k1_s_IRF4-linking,0.5
IRF8,T80S,k1_s_IRF4-linking,0.5
IRF8,*427Kfs*26,k1_s_IRF4-linking,0.5
IRF8,*427Eext*24,k1_s_IRF4-linking,0.5
IRF8,Q392*,k1_s_IRF4-linking,0.5
IRF8,V426Sfs*42,k1_s_IRF4-linking,0.5
IRF8,E420*,k1_s_IRF4-linking,0.5
IRF8,E420*,k1_s_IRF4-linking,0.5
IRF8,Q392*,k1_s_IRF4-linking,0.5
IRF8,Q392*,k1_s_IRF4-linking,0.5
IRF8,E395Rfs*58,k1_s_IRF4-linking,0.5
IRF8,R419Qfs*51,k1_s_IRF4-linking,0.5
IRF8,Q392*,k1_s_IRF4-linking,0.5
IRF8,M405Cfs*48,k1_s_IRF4-linking,0.5
PAX5,X16_splice,k1_e_pax5-differentiation,0.5
PAX5,X16_splice,k1_e_pax5-differentiation,0.5
PAX5,*4*,k1_e_pax5-differentiation,0.5
PAX5,A322Rfs*19,k1_e_pax5-differentiation,0.5
PIM1,L193V,k2_scalingNumber-NFkB,1.5
PIM1,P81S,k2_scalingNumber-NFkB,1.5
PIM1,L193F,k2_scalingNumber-NFkB,1.5
PIM1,P81A,k2_scalingNumber-NFkB,1.5
PIM1,P81T,k2_scalingNumber-NFkB,1.5
PIM1,L193F,k2_scalingNumber-NFkB,1.5
PIM1,P81A,k2_scalingNumber-NFkB,1.5
PIM1,P81A,k2_scalingNumber-NFkB,1.5
PIM1,L193F,k2_scalingNumber-NFkB,1.5
PIM1,P81S,k2_scalingNumber-NFkB,1.5
PRDM1,X97_splice,k1_s_Blimp1,0.5
PRDM1,X97_splice,k1_s_Blimp1,0.5
PRDM1,X222_splice,k1_s_Blimp1,0.5
PRDM1,X97_splice,k1_s_Blimp1,0.5
PRDM1,S69Ffs*4,k1_s_Blimp1,0.5
PRDM1,X97_splice,k1_s_Blimp1,0.5
PRDM1,X98_splice,k1_s_Blimp1,0.5
PRDM1,W199*,k1_s_Blimp1,0.5
PRDM1,N236Kfs*2,k1_s_Blimp1,0.5
PRDM1,E237*,k1_s_Blimp1,0.5
PRDM1,Y564*,k1_s_Blimp1,0.5
PRDM1,Q225Efs*9,k1_s_Blimp1,0.5
PRDM1,X591_splice,k1_s_Blimp1,0.5
PRDM1,H397Tfs*24,k1_s_Blimp1,0.5
PRDM1,K638Efs*3,k1_s_Blimp1,0.5
PRDM1,Y185*,k1_s_Blimp1,0.5
PRDM1,X97_splice,k1_s_Blimp1,0.5
PRDM1,L808Tfs*14,k1_s_Blimp1,0.5
PRDM1,F89Cfs*15,k1_s_Blimp1,0.5
PRDM1,K604*,k1_s_Blimp1,0.5
RB1,R787*,k1_26-cellCycle,0.5
RB1,E50*,k1_26-cellCycle,0.5
RB1,S318Nfs*13,k1_26-cellCycle,0.5
RB1,S318Nfs*13,k1_26-cellCycle,0.5
RB1,Y454*,k1_26-cellCycle,0.5
TNFAIP3,C86*,k2_scalingNumber-NFkB,1.5
TNFAIP3,A442Sfs*3,k2_scalingNumber-NFkB,1.5
TNFAIP3,E755Rfs*14,k2_scalingNumber-NFkB,1.5
TNFAIP3,P180Ffs*30,k2_scalingNumber-NFkB,1.5
TNFAIP3,C200*,k2_scalingNumber-NFkB,1.5
TNFAIP3,Q593*,k2_scalingNumber-NFkB,1.5
TNFAIP3,L324Qfs*7,k2_scalingNumber-NFkB,1.5
TNFAIP3,E755Rfs*14,k2_scalingNumber-NFkB,1.5
TNFAIP3,X162_splice,k2_scalingNumber-NFkB,1.5
TNFAIP3,A182Pfs*34,k2_scalingNumber-NFkB,1.5
TNFAIP3,L469Hfs*23,k2_scalingNumber-NFkB,1.5
TNFAIP3,C579*,k2_scalingNumber-NFkB,1.5
TNFAIP3,X163_splice,k2_scalingNumber-NFkB,1.5
TNFAIP3,X212_splice,k2_scalingNumber-NFkB,1.5
TNFAIP3,R271*,k2_scalingNumber-NFkB,1.5
TNFAIP3,X99_splice,k2_scalingNumber-NFkB,1.5
TNFAIP3,E154*,k2_scalingNumber-NFkB,1.5
TNFAIP3,G493Dfs*204,k2_scalingNumber-NFkB,1.5
TNFAIP3,W317*,k2_scalingNumber-NFkB,1.5
TNFAIP3,K124*,k2_scalingNumber-NFkB,1.5
TNFAIP3,Y244*,k2_scalingNumber-NFkB,1.5
TNFAIP3,L626Hfs*72,k2_scalingNumber-NFkB,1.5
TNFAIP3,R439Gfs*5,k2_scalingNumber-NFkB,1.5
TNFAIP3,V93Cfs*8,k2_scalingNumber-NFkB,1.5
TNFAIP3,Q401*,k2_scalingNumber-NFkB,1.5
TNFAIP3,A610Qfs*47,k2_scalingNumber-NFkB,1.5
TNFAIP3,Y246*,k2_scalingNumber-NFkB,1.5
TNFAIP3,N422Kfs*7,k2_scalingNumber-NFkB,1.5
TNFAIP3,L147Qfs*7,k2_scalingNumber-NFkB,1.5
TNFAIP3,G746Pfs*3,k2_scalingNumber-NFkB,1.5
TNFAIP3,I29Hfs*5,k2_scalingNumber-NFkB,1.5
TNFAIP3,X269_splice,k2_scalingNumber-NFkB,1.5
TNFAIP3,P180Hfs*37,k2_scalingNumber-NFkB,1.5
TNFAIP3,R87*,k2_scalingNumber-NFkB,1.5
TNFAIP3,K148Ifs*6,k2_scalingNumber-NFkB,1.5
TNFAIP3,N165Kfs*51,k2_scalingNumber-NFkB,1.5
TNFAIP3,E338*,k2_scalingNumber-NFkB,1.5
TNFAIP3,Y614*,k2_scalingNumber-NFkB,1.5
TNFAIP3,R713Gfs*8,k2_scalingNumber-NFkB,1.5
TNFAIP3,F30Lfs*66,k2_scalingNumber-NFkB,1.5
TNFAIP3,I172Nfs*44,k2_scalingNumber-NFkB,1.5
TNFAIP3,L286*,k2_scalingNumber-NFkB,1.5
TNFRSF14,X24_splice,k2_scalingNumber-NFkB,1.5
TNFRSF14,X24_splice,k2_scalingNumber-NFkB,1.5
TNFRSF14,M1?,k2_scalingNumber-NFkB,1.5
TNFRSF14,W204*,k2_scalingNumber-NFkB,1.5
TNFRSF14,Y47*,k2_scalingNumber-NFkB,1.5
TNFRSF14,M1?,k2_scalingNumber-NFkB,1.5
TNFRSF14,X19_splice,k2_scalingNumber-NFkB,1.5
TNFRSF14,R13*,k2_scalingNumber-NFkB,1.5
TNFRSF14,R13*,k2_scalingNumber-NFkB,1.5
TNFRSF14,T73Sfs*3,k2_scalingNumber-NFkB,1.5
TNFRSF14,T169Dfs*65,k2_scalingNumber-NFkB,1.5
TNFRSF14,M1?,k2_scalingNumber-NFkB,1.5
TNFRSF14,X102_splice,k2_scalingNumber-NFkB,1.5
TNFRSF14,X24_splice,k2_scalingNumber-NFkB,1.5
TNFRSF14,X60_splice,k2_scalingNumber-NFkB,1.5
TNFRSF14,Q130*,k2_scalingNumber-NFkB,1.5
TNFRSF14,W203*,k2_scalingNumber-NFkB,1.5
TNFRSF14,X23_splice,k2_scalingNumber-NFkB,1.5
TNFRSF14,X179_splice,k2_scalingNumber-NFkB,1.5
TNFRSF14,Y61Sfs*15,k2_scalingNumber-NFkB,1.5
TNFRSF14,X184_splice,k2_scalingNumber-NFkB,1.5
TNFRSF14,Q163*,k2_scalingNumber-NFkB,1.5
TNFRSF14,X24_splice,k2_scalingNumber-NFkB,1.5
TNFRSF14,W12*,k2_scalingNumber-NFkB,1.5
TNFRSF14,Q148*,k2_scalingNumber-NFkB,1.5
TNFRSF14,L161Pfs*73,k2_scalingNumber-NFkB,1.5
TNFRSF14,W12*,k2_scalingNumber-NFkB,1.5
TNFRSF14,C99*,k2_scalingNumber-NFkB,1.5
TNFRSF14,X23_splice,k2_scalingNumber-NFkB,1.5
TNFRSF14,M1?,k2_scalingNumber-NFkB,1.5
TNFRSF14,X23_splice,k2_scalingNumber-NFkB,1.5
TNFRSF14,L176Rfs*14,k2_scalingNumber-NFkB,1.5
TNFRSF14,X231_splice,k2_scalingNumber-NFkB,1.5
TNFRSF14,X231_splice,k2_scalingNumber-NFkB,1.5
TNFRSF14,X60_splice,k2_scalingNumber-NFkB,1.5
TNFRSF14,M1?,k2_scalingNumber-NFkB,1.5
TNFRSF14,X23_splice,k2_scalingNumber-NFkB,1.5
TNFRSF14,K92Vfs*97,k2_scalingNumber-NFkB,1.5
TNFRSF14,N110Tfs*80,k2_scalingNumber-NFkB,1.5
TNFRSF14,E76*,k2_scalingNumber-NFkB,1.5
TNFRSF14,W12*,k2_scalingNumber-NFkB,1.5
TNFRSF14,W12*,k2_scalingNumber-NFkB,1.5
TNFRSF14,W12*,k2_scalingNumber-NFkB,1.5
TNFRSF14,*284Cext*78,k2_scalingNumber-NFkB,1.5
TNFRSF14,M1?,k2_scalingNumber-NFkB,1.5
TNFRSF14,M1?,k2_scalingNumber-NFkB,1.5
TNFRSF14,T169Dfs*65,k2_scalingNumber-NFkB,1.5
TNFRSF14,X60_splice,k2_scalingNumber-NFkB,1.5
TNFRSF14,W12*,k2_scalingNumber-NFkB,1.5
TP53,R273C,k1_bcl2Exp-linking,1.5
TP53,I195F,k1_bcl2Exp-linking,1.5
TP53,C141Y,k1_bcl2Exp-linking,1.5
TP53,C141Y,k1_bcl2Exp-linking,1.5
TP53,X331_splice,k1_bcl2Exp-linking,1.5
TP53,C242F,k1_bcl2Exp-linking,1.5
TP53,V143A,k1_bcl2Exp-linking,1.5
TP53,V143A,k1_bcl2Exp-linking,1.5
TP53,R249G,k1_bcl2Exp-linking,1.5
TP53,F109C,k1_bcl2Exp-linking,1.5
TP53,H193R,k1_bcl2Exp-linking,1.5
TP53,N239_S240del,k1_bcl2Exp-linking,1.5
TP53,C242F,k1_bcl2Exp-linking,1.5
TP53,R248Q,k1_bcl2Exp-linking,1.5
TP53,R248Q,k1_bcl2Exp-linking,1.5
TP53,I162S,k1_bcl2Exp-linking,1.5
TP53,S241C,k1_bcl2Exp-linking,1.5
TP53,X220_splice,k1_bcl2Exp-linking,1.5
TP53,R282W,k1_bcl2Exp-linking,1.5
TP53,G105A,k1_bcl2Exp-linking,1.5
TP53,F134S,k1_bcl2Exp-linking,1.5
TP53,M237I,k1_bcl2Exp-linking,1.5
TP53,I255del,k1_bcl2Exp-linking,1.5
TP53,R273C,k1_bcl2Exp-linking,1.5
TP53,Y234D,k1_bcl2Exp-linking,1.5
TP53,S241F,k1_bcl2Exp-linking,1.5
TP53,R248Q,k1_bcl2Exp-linking,1.5
TP53,C176Y,k1_bcl2Exp-linking,1.5
TP53,C275R,k1_bcl2Exp-linking,1.5
TP53,R249G,k1_bcl2Exp-linking,1.5
TP53,P250L,k1_bcl2Exp-linking,1.5
TP53,X307_splice,k1_bcl2Exp-linking,1.5
TP53,L265P,k1_bcl2Exp-linking,1.5
TP53,N239Y,k1_bcl2Exp-linking,1.5
TP53,X224_splice,k1_bcl2Exp-linking,1.5
TP53,R213*,k1_bcl2Exp-linking,1.5
TP53,Y236S,k1_bcl2Exp-linking,1.5
TP53,P278L,k1_bcl2Exp-linking,1.5
TP53,P278L,k1_bcl2Exp-linking,1.5
TP53,G245del,k1_bcl2Exp-linking,1.5
TP53,R248Q,k1_bcl2Exp-linking,1.5
TP53,R273C,k1_bcl2Exp-linking,1.5
TP53,R213*,k1_bcl2Exp-linking,1.5
TP53,C277F,k1_bcl2Exp-linking,1.5
TP53,R282W,k1_bcl2Exp-linking,1.5
TP53,Y126D,k1_bcl2Exp-linking,1.5
TP53,Y234del,k1_bcl2Exp-linking,1.5
TP53,H214R,k1_bcl2Exp-linking,1.5
TP53,N239D,k1_bcl2Exp-linking,1.5
TP53,Y163S,k1_bcl2Exp-linking,1.5
TP53,C135S,k1_bcl2Exp-linking,1.5
TP53,P128Lfs*42,k1_bcl2Exp-linking,1.5
TP53,R249G,k1_bcl2Exp-linking,1.5
TP53,R282W,k1_bcl2Exp-linking,1.5
TP53,R248Q,k1_bcl2Exp-linking,1.5
TP53,R248Q,k1_bcl2Exp-linking,1.5
TP53,G245D,k1_bcl2Exp-linking,1.5
TP53,M237I,k1_bcl2Exp-linking,1.5
TP53,K132T,k1_bcl2Exp-linking,1.5
TP53,K132T,k1_bcl2Exp-linking,1.5
TP53,M169Ifs*12,k1_bcl2Exp-linking,1.5
TP53,V272M,k1_bcl2Exp-linking,1.5
TP53,X261_splice,k1_bcl2Exp-linking,1.5
TP53,Q136*,k1_bcl2Exp-linking,1.5
TP53,Q136*,k1_bcl2Exp-linking,1.5
TP53,P36Ffs*9,k1_bcl2Exp-linking,1.5
TP53,P36Ffs*9,k1_bcl2Exp-linking,1.5
TP53,M237I,k1_bcl2Exp-linking,1.5
TP53,R196*,k1_bcl2Exp-linking,1.5
TP53,R175G,k1_bcl2Exp-linking,1.5
TP53,F212Sfs*3,k1_bcl2Exp-linking,1.5
TP53,Y234H,k1_bcl2Exp-linking,1.5
TP53,A86Vfs*55,k1_bcl2Exp-linking,1.5
TP53,V216M,k1_bcl2Exp-linking,1.5
TP53,P151H,k1_bcl2Exp-linking,1.5
TP53,H193Y,k1_bcl2Exp-linking,1.5
TP53,S94*,k1_bcl2Exp-linking,1.5
TP53,S94*,k1_bcl2Exp-linking,1.5
TP53,V218Gfs*29,k1_bcl2Exp-linking,1.5
TP53,R273C,k1_bcl2Exp-linking,1.5
TP53,F134L,k1_bcl2Exp-linking,1.5
TP53,M246V,k1_bcl2Exp-linking,1.5
TP53,N235S,k1_bcl2Exp-linking,1.5
TP53,X307_splice,k1_bcl2Exp-linking,1.5
TP53,E258*,k1_bcl2Exp-linking,1.5
TP53,R213*,k1_bcl2Exp-linking,1.5
TP53,R273C,k1_bcl2Exp-linking,1.5
TP53,R248Q,k1_bcl2Exp-linking,1.5
TP53,S240R,k1_bcl2Exp-linking,1.5
CDKN2A,H83Y,k1_26-cellCycle,0.5
TP53,H179Y,k1_bcl2Exp-linking,1.5
TP53,R175H,k1_bcl2Exp-linking,1.5
TP53,C242Y,k1_bcl2Exp-linking,1.5
TP53,C242S,k1_bcl2Exp-linking,1.5
TP53,C238F,k1_bcl2Exp-linking,1.5
TP53,R248W,k1_bcl2Exp-linking,1.5
TP53,R181P,k1_bcl2Exp-linking,1.5
TP53,R175H,k1_bcl2Exp-linking,1.5
TP53,G245S,k1_bcl2Exp-linking,1.5
TP53,R273H,k1_bcl2Exp-linking,1.5
TP53,R175H,k1_bcl2Exp-linking,1.5
TP53,R248W,k1_bcl2Exp-linking,1.5
TP53,V173M,k1_bcl2Exp-linking,1.5
TP53,R175H,k1_bcl2Exp-linking,1.5
TP53,R175H,k1_bcl2Exp-linking,1.5
TP53,R273H,k1_bcl2Exp-linking,1.5
TP53,R175H,k1_bcl2Exp-linking,1.5
TP53,R175H,k1_bcl2Exp-linking,1.5
TP53,R248W,k1_bcl2Exp-linking,1.5
TP53,R175H,k1_bcl2Exp-linking,1.5
TP53,R213Q,k1_bcl2Exp-linking,1.5
TP53,Y220C,k1_bcl2Exp-linking,1.5
PAX5,Protein Fusion: mid-exon {ACRBP:PAX5},k1_e_pax5-differentiation,0.5
BCL10,Protein Fusion: mid-exon {BCL10:RBPMS},k2_scalingNumber-NFkB,1.5
TNFRSF14,Protein Fusion: mid-exon {TNFRSF14:AP1M1},k2_scalingNumber-NFkB,1.5
MYC,Transcript Fusion {ACTB:MYC},k1_mycTsl-linking,1.5
REL,AMP,basal_cRelSynth-linking,1.5
MYD88,AMP,k2_scalingNumber-NFkB,1.5
CD79B,Y197_E198del,k2_scalingNumber-NFkB,1.5
BCL10,R58Q,k2_scalingNumber-NFkB,1.5
CARD11,D357V,k2_scalingNumber-NFkB,1.5
CARD11,T117P,k2_scalingNumber-NFkB,1.5
CARD11,R337Q,k2_scalingNumber-NFkB,1.5
CARD11,C49S,k2_scalingNumber-NFkB,1.5
CARD11,E626K,k2_scalingNumber-NFkB,1.5
CARD11,D401N,k2_scalingNumber-NFkB,1.5
CARD11,F115I,k2_scalingNumber-NFkB,1.5
CARD11,F115L,k2_scalingNumber-NFkB,1.5
CARD11,G123S,k2_scalingNumber-NFkB,1.5
CARD11,E93D,k2_scalingNumber-NFkB,1.5
CARD11,G123D,k2_scalingNumber-NFkB,1.5
CD79B,Y197N,k2_scalingNumber-NFkB,1.5
CD79B,Y197D,k2_scalingNumber-NFkB,1.5
CD79B,Y197H,k2_scalingNumber-NFkB,1.5
CD79B,Y197S,k2_scalingNumber-NFkB,1.5
CD79B,Y197C,k2_scalingNumber-NFkB,1.5
CD79B,Y197F,k2_scalingNumber-NFkB,1.5
MYD88,L265P,k2_scalingNumber-NFkB,1.5
MYD88,S243N,k2_scalingNumber-NFkB,1.5
MYD88,M232T,k2_scalingNumber-NFkB,1.5
TNFAIP3,X99_splice,k2_scalingNumber-NFkB,1.5
BCL10,L174*,k2_scalingNumber-NFkB,1.5
BCL10,L209*,k2_scalingNumber-NFkB,1.5
BCL10,Q208*,k2_scalingNumber-NFkB,1.5
TNFAIP3,I208Sfs*9,k2_scalingNumber-NFkB,1.5
TNFAIP3,R71Kfs*29,k2_scalingNumber-NFkB,1.5
TNFAIP3,L403Afs*5,k2_scalingNumber-NFkB,1.5
TNFAIP3,E633*,k2_scalingNumber-NFkB,1.5
CASP3,HETLOSS,k1_101-apoptosis,0.5
PARP1,AMP,k1_108_apoptosis,1.5
PARP1,HETLOSS,k1_108_apoptosis,0.5
CYCS,AMP,k1_113-apoptosis,1.5
RB1,HETLOSS,k1_26-cellCycle,0.5
CDKN2A,Q99*,k1_26-cellCycle,0.5
CDKN2A,R58*,k1_26-cellCycle,0.5
CDH1,T340M,k1_3a-cellCycle,0.5
BAD,AMP,k1_81-apoptosis,1.5
BAX,AMP,k1_86-apoptosis,1.5
BCL2,AMP,k1_bcl2Exp-linking,1.5
MCL1,AMP,k1_bcl2Exp-linking,1.5
BCL2,N172S,k1_bcl2Exp-linking,1.5
BCL2,P59A,k1_bcl2Exp-linking,1.5
BCL2,G33R,k1_bcl2Exp-linking,1.5
BCL2,G33A,k1_bcl2Exp-linking,1.5
BCL2,A131V,k1_bcl2Exp-linking,1.5
TP53,N239D,k1_bcl2Exp-linking,1.5
TP53,G245S,k1_bcl2Exp-linking,1.5
TP53,R248Q,k1_bcl2Exp-linking,1.5
TP53,C176S,k1_bcl2Exp-linking,1.5
TP53,R282W,k1_bcl2Exp-linking,1.5
TP53,F134L,k1_bcl2Exp-linking,1.5
TP53,F109S,k1_bcl2Exp-linking,1.5
TP53,C176F,k1_bcl2Exp-linking,1.5
TP53,R249G,k1_bcl2Exp-linking,1.5
TP53,P152L,k1_bcl2Exp-linking,1.5
TP53,E286K,k1_bcl2Exp-linking,1.5
TP53,M237I,k1_bcl2Exp-linking,1.5
TP53,R248W,k1_bcl2Exp-linking,1.5
TP53,Y236C,k1_bcl2Exp-linking,1.5
TP53,G244D,k1_bcl2Exp-linking,1.5
TP53,R282G,k1_bcl2Exp-linking,1.5
TP53,E285K,k1_bcl2Exp-linking,1.5
TP53,R175H,k1_bcl2Exp-linking,1.5
TP53,M246K,k1_bcl2Exp-linking,1.5
TP53,I232F,k1_bcl2Exp-linking,1.5
TP53,C242S,k1_bcl2Exp-linking,1.5
TP53,N239S,k1_bcl2Exp-linking,1.5
BCL2,KIAA0125-BCL2 Fusion KIAA0125-BCL2 Fusion,k1_bcl2Exp-linking,1.5
BCL2,KIAA0125-BCL2 Fusion,k1_bcl2Exp-linking,1.5
BCL2,KIAA0125-BCL2 Fusion SKAP1-BCL2 Fusion,k1_bcl2Exp-linking,1.5
BCL2,KIAA0125-BCL2 Fusion NCRNA00226-BCL2 Fusion,k1_bcl2Exp-linking,1.5
BCL2,FLJ40330-BCL2 Fusion,k1_bcl2Exp-linking,1.5
BCL2,KIAA0125-BCL2 Fusion KIAA0125-BCL2 Fusion KIAA0125-BCL2 Fusion,k1_bcl2Exp-linking,1.5
TP53,R213*,k1_bcl2Exp-linking,1.5
TP53,M133Ifs*17,k1_bcl2Exp-linking,1.5
TP53,R342*,k1_bcl2Exp-linking,1.5
TP53,Q192*,k1_bcl2Exp-linking,1.5
TP53,E326*,k1_bcl2Exp-linking,1.5
PAX5,X16_splice,k1_e_pax5-differentiation,0.5
PAX5,L3*,k1_e_pax5-differentiation,0.5
MYC,MYC-ACTB_Fusion,k1_mycTsl-linking,1.5
MYC,MYC-TMEM121 Fusion,k1_mycTsl-linking,1.5
MYC,MYC-KIAA0125 Fusion,k1_mycTsl-linking,1.5
MYC,MYC-ZCCHC7 Fusion MYC-ZCCHC7 Fusion,k1_mycTsl-linking,1.5
MYC,Transcript fusion (MYC-ACTB) Transcript fusion (ACTB-MYC),k1_mycTsl-linking,1.5
BCL6,BCL6-HNRNPC_Fusion,k1_s_Bcl6-differentiation,1.5
BCL6,BCL6-CD74_Fusion,k1_s_Bcl6-differentiation,1.5
BCL6,BCL6-IGLL5_Fusion,k1_s_Bcl6-differentiation,1.5
BCL6,BCL6-PKM2_Fusion,k1_s_Bcl6-differentiation,1.5
BCL6,Transcript fusion (HNRNPC-BCL6) Transcript fusion (BCL6-HNRNPC),k1_s_Bcl6-differentiation,1.5
BCL6,BCL6-GRHPR Fusion,k1_s_Bcl6-differentiation,1.5
BCL6,Transcript fusion (BCL6-CD74),k1_s_Bcl6-differentiation,1.5
BCL6,Antisense fusion BCL6-IGLL5 Fusion,k1_s_Bcl6-differentiation,1.5
BCL6,BCL6-KIAA0125 Fusion BCL6-KIAA0125 Fusion BCL6-KIAA0125 Fusion,k1_s_Bcl6-differentiation,1.5
BCL6,BCL6-TOP3B Fusion BCL6-TOP3B Fusion,k1_s_Bcl6-differentiation,1.5
BCL6,BCL6-GGTLC2 Fusion BCL6-GGTLC2 Fusion,k1_s_Bcl6-differentiation,1.5
BCL6,BCL6-KIAA0125 Fusion,k1_s_Bcl6-differentiation,1.5
BCL6,BCL6-KIAA0125 Fusion BCL6-KIAA0125 Fusion,k1_s_Bcl6-differentiation,1.5
PRDM1,HETLOSS,k1_s_Blimp1-differentiation,0.5
PRDM1,X97_splice,k1_s_Blimp1-differentiation,0.5
PRDM1,Y60*,k1_s_Blimp1-differentiation,0.5
PRDM1,Y418Lfs*6,k1_s_Blimp1-differentiation,0.5
PRDM1,Q171*,k1_s_Blimp1-differentiation,0.5
IRF4,C99R,k1_s_IRF4-linking,0.5
IRF8,T80A,k1_s_IRF4-linking,0.5
IRF8,P398Rfs*56,k1_s_IRF4-linking,0.5
IRF8,G388Afs*3,k1_s_IRF4-linking,0.5
NFKBIB,AMP,k1_tIkBb-NFkB,1.5
CCNB1,AMP,k2_1a-cellCycle,1.5
CDKN1B,HETLOSS,k2_5-cellCycle,0.5
CDKN1B,X159_splice,k2_5-cellCycle,0.5
CCNE1,AMP,k3_7-cellCycle,1.5
NFKBIA,X112_splice,kmax_IkBaSynth-NFkB,0.5
NFKBIA,W11*,kmax_IkBaSynth-NFkB,0.5
NFKBIA,Q111*,kmax_IkBaSynth-NFkB,0.5
NFKBIA,C239*,kmax_IkBaSynth-NFkB,0.5
NFKBIE,AMP,kmax_IkBeSynth-NFkB,1.5
BCL10,p.Leu209Ter,k2_scalingNumber-NFkB,1.5
BCL10,p.Ser136Ter,k2_scalingNumber-NFkB,1.5
BCL10,p.Glu140Ter,k2_scalingNumber-NFkB,1.5
BCL10,p.Arg58Gln,k2_scalingNumber-NFkB,1.5
BCL10,p.Tyr154Ter,k2_scalingNumber-NFkB,1.5
BCL10,p.Gln208Ter,k2_scalingNumber-NFkB,1.5
BCL10,p.Leu225Ter,k2_scalingNumber-NFkB,1.5
BCL10,p.Leu174Ter,k2_scalingNumber-NFkB,1.5
BCL2,p.Lys22Asn,k1_bcl2Exp-linking,1.5
BCL2,p.Pro59Ala,k1_bcl2Exp-linking,1.5
BCL2,p.Gly33Arg,k1_bcl2Exp-linking,1.5
BCL2,p.Pro59Ser,k1_bcl2Exp-linking,1.5
BCL2,p.Gly33Ala,k1_bcl2Exp-linking,1.5
BCL2,p.Ala131Asp,k1_bcl2Exp-linking,1.5
BCL2,p.Pro59Leu,k1_bcl2Exp-linking,1.5
CARD11,p.Asp357Val,k2_scalingNumber-NFkB,1.5
CARD11,p.Arg113Gln,k2_scalingNumber-NFkB,1.5
CARD11,p.Lys215Asn,k2_scalingNumber-NFkB,1.5
CARD11,p.Phe130Val,k2_scalingNumber-NFkB,1.5
CARD11,p.Asp401Asn,k2_scalingNumber-NFkB,1.5
CARD11,p.Glu626Lys,k2_scalingNumber-NFkB,1.5
CARD11,p.Asp230Asn,k2_scalingNumber-NFkB,1.5
CARD11,p.Gly123Ser,k2_scalingNumber-NFkB,1.5
CARD11,p.Gly123Asp,k2_scalingNumber-NFkB,1.5
CARD11,p.Cys49Tyr,k2_scalingNumber-NFkB,1.5
CARD11,p.Ser250Pro,k2_scalingNumber-NFkB,1.5
CARD11,p.Phe115Ile,k2_scalingNumber-NFkB,1.5
CARD11,p.Leu251Pro,k2_scalingNumber-NFkB,1.5
CD79B,p.Tyr196Phe,k2_scalingNumber-NFkB,1.5
CD79B,p.Tyr196His,k2_scalingNumber-NFkB,1.5
CD79B,p.Tyr196Asp,k2_scalingNumber-NFkB,1.5
CD79B,p.Tyr196Ser,k2_scalingNumber-NFkB,1.5
CD79B,p.Tyr196Cys,k2_scalingNumber-NFkB,1.5
CDKN2A,p.Arg80Ter,k2_5-cellCycle,0.5
CDKN2A,p.Trp110Ter,k2_5-cellCycle,0.5
IRF8,p.Glu420Ter,k1_s_IRF4-linking,0.5
IRF8,p.Thr80Met,k1_s_IRF4-linking,0.5
IRF8,p.Met405CysfsTer48,k1_s_IRF4-linking,0.5
MYC,p.Thr73Ala,k1_mycExp-linking,1.5
MYC,p.Pro72Ser,k1_mycExp-linking,1.5
MYC,p.Pro74Leu,k1_mycExp-linking,1.5
MYC,p.Val7Met,k1_mycExp-linking,1.5
MYD88,p.Leu252Pro,k2_scalingNumber-NFkB,1.5
MYD88,p.Met219Thr,k2_scalingNumber-NFkB,1.5
MYD88,p.Ser230Asn,k2_scalingNumber-NFkB,1.5
NFKBIA,p.Gln68Ter,kmax_IkBaSynth-NFkB,0.5
NFKBIA,p.Gln111Ter,kmax_IkBaSynth-NFkB,0.5
NFKBIA,p.Arg143Ter,kmax_IkBaSynth-NFkB,0.5
NFKBIA,p.Gln69Ter,kmax_IkBaSynth-NFkB,0.5
NFKBIA,p.Glu55AlafsTer29,kmax_IkBaSynth-NFkB,0.5
NFKBIA,p.Ile265TyrfsTer8,kmax_IkBaSynth-NFkB,0.5
NFKBIA,p.Ser63Ter,kmax_IkBaSynth-NFkB,0.5
NFKBIA,p.Tyr42Ter,kmax_IkBaSynth-NFkB,0.5
NFKBIA,p.Pro65HisfsTer15,kmax_IkBaSynth-NFkB,0.5
NFKBIA,p.Trp66Ter,kmax_IkBaSynth-NFkB,0.5
NFKBIA,p.Gln44Ter,kmax_IkBaSynth-NFkB,0.5
PRDM1,p.Glu119Ter,k1_s_Blimp1-differentiation,0.5
PRDM1,p.Gln177Ter,k1_s_Blimp1-differentiation,0.5
PRDM1,p.Gly627Ter,k1_s_Blimp1-differentiation,0.5
PRDM1,p.Ser226GlnfsTer8,k1_s_Blimp1-differentiation,0.5
PRDM1,p.Glu97=,k1_s_Blimp1-differentiation,0.5
PRDM1,p.Trp49Ter,k1_s_Blimp1-differentiation,0.5
RB1,p.Arg556Ter,k1_26-cellCycle,0.5
RB1,p.Lys63ArgfsTer38,k1_26-cellCycle,0.5
TNFAIP3,p.Trp113Ter,k2_scalingNumber-NFkB,1.5
TNFAIP3,p.Ala437GlufsTer37,k2_scalingNumber-NFkB,1.5
TNFAIP3,p.Thr604ArgfsTer93,k2_scalingNumber-NFkB,1.5
TNFAIP3,p.Arg280GlyfsTer4,k2_scalingNumber-NFkB,1.5
TNFAIP3,p.Leu324GlnfsTer7,k2_scalingNumber-NFkB,1.5
TNFAIP3,p.Phe651ThrfsTer44,k2_scalingNumber-NFkB,1.5
TNFAIP3,p.Arg183Ter,k2_scalingNumber-NFkB,1.5
TNFAIP3,p.Arg45Ter,k2_scalingNumber-NFkB,1.5
TNFAIP3,p.Met105SerfsTer13,k2_scalingNumber-NFkB,1.5
TNFAIP3,p.Glu428ArgfsTer49,k2_scalingNumber-NFkB,1.5
TNFAIP3,p.Pro457LeufsTer20,k2_scalingNumber-NFkB,1.5
TNFRSF14,p.Pro4LeufsTer18,k2_scalingNumber-NFkB,1.5
TNFRSF14,p.Trp203Ter,k2_scalingNumber-NFkB,1.5
TNFRSF14,p.Cys54Ter,k2_scalingNumber-NFkB,1.5
TNFRSF14,p.Trp204Ter,k2_scalingNumber-NFkB,1.5
TNFRSF14,p.Gln158GlyfsTer75,k2_scalingNumber-NFkB,1.5
TNFRSF14,p.Glu69Ter,k2_scalingNumber-NFkB,1.5
TNFRSF14,p.Met1?,k2_scalingNumber-NFkB,1.5
TNFRSF14,p.Glu65GlyfsTer6,k2_scalingNumber-NFkB,1.5
TNFRSF14,p.Trp12Ter,k2_scalingNumber-NFkB,1.5
TNFRSF14,p.Tyr141Ter,k2_scalingNumber-NFkB,1.5
TNFRSF14,p.Tyr61Ter,k2_scalingNumber-NFkB,1.5
TNFRSF14,p.Thr18ProfsTer4,k2_scalingNumber-NFkB,1.5
TP53,p.Arg248Trp,k1_bcl2Exp-linking,1.5
TP53,p.Tyr126Cys,k1_bcl2Exp-linking,1.5
TP53,p.Gly262Val,k1_bcl2Exp-linking,1.5
TP53,p.Arg306Ter,k1_bcl2Exp-linking,1.5
TP53,p.Val197Gly,k1_bcl2Exp-linking,1.5
TP53,p.Tyr163Cys,k1_bcl2Exp-linking,1.5
TP53,p.Tyr205Phe,k1_bcl2Exp-linking,1.5
TP53,p.Gly245Ser,k1_bcl2Exp-linking,1.5
TP53,p.Arg196Ter,k1_bcl2Exp-linking,1.5
TP53,p.Arg273Cys,k1_bcl2Exp-linking,1.5
TP53,p.Arg175His,k1_bcl2Exp-linking,1.5
TP53,p.Arg282Trp,k1_bcl2Exp-linking,1.5
TP53,p.Tyr234His,k1_bcl2Exp-linking,1.5
TP53,p.Gln38Ter,k1_bcl2Exp-linking,1.5
TP53,p.Pro151Ser,k1_bcl2Exp-linking,1.5
TP53,p.Tyr327Ter,k1_bcl2Exp-linking,1.5
TP53,p.Phe134Leu,k1_bcl2Exp-linking,1.5
TP53,p.Cys176Tyr,k1_bcl2Exp-linking,1.5
TP53,p.Val173Ter,k1_bcl2Exp-linking,1.5
TP53,p.Glu221Ter,k1_bcl2Exp-linking,1.5
TP53,p.Pro152Leu,k1_bcl2Exp-linking,1.5
TP53,p.Arg337Cys,k1_bcl2Exp-linking,1.5
TP53,p.Gly244Asp,k1_bcl2Exp-linking,1.5
TP53,p.Arg282Gly,k1_bcl2Exp-linking,1.5
TP53,p.Cys242Tyr,k1_bcl2Exp-linking,1.5
TP53,p.Arg273His,k1_bcl2Exp-linking,1.5
TP53,p.Gly244Ser,k1_bcl2Exp-linking,1.5
TP53,p.Thr284GlyfsTer20,k1_bcl2Exp-linking,1.5
TP53,p.Cys275AlafsTer23,k1_bcl2Exp-linking,1.5
TP53,p.Cys176Trp,k1_bcl2Exp-linking,1.5
TP53,p.Tyr205Ser,k1_bcl2Exp-linking,1.5
TP53,p.Ser166Ter,k1_bcl2Exp-linking,1.5
TP53,p.Arg342Ter,k1_bcl2Exp-linking,1.5
BCL2,SV,k1_bcl2Exp-linking,1.5
BCL6,SV,k1_s_Bcl6-differentiation,1.5
MYC,SV,k1_mycExp-linking,1.5
